series,vintage_type,test,value,n,model,equation,term,coefficient,std_error,t_stat,p_value,r2,adj_r2,rmse,mae,start_target_date,end_target_date
USGOVT,initial,autocorrelation_lag_1,0.406636653942574,77,,,,,,,,,,,,,
USGOVT,initial,autocorrelation_lag_2,-0.17019399014908526,76,,,,,,,,,,,,,
USGOVT,initial,autocorrelation_lag_3,-0.32162153052063375,75,,,,,,,,,,,,,
,,,,77,government_initial_ar1,USGOVT_initial_change_k = alpha + govt_lag1_k,intercept,1.2519943033439398,16.547268383932963,0.07566169075734573,0.9398897162424593,0.16535336832961278,0.15422474657400753,143.28745772067322,66.17865388340228,2020-02-01,2026-06-01
,,,,77,government_initial_ar1,USGOVT_initial_change_k = alpha + govt_lag1_k,govt_lag1_k,0.40661015824594576,0.10548540923650614,3.854657826034457,0.00024275696550374033,0.16535336832961278,0.15422474657400753,143.28745772067322,66.17865388340228,2020-02-01,2026-06-01
,,,,75,government_initial_ar3,USGOVT_initial_change_k = alpha + govt_lag1_k + govt_lag2_k + govt_lag3_k,intercept,1.3482029123744663,15.712215629789073,0.08580603424372461,0.9318621245714849,0.30542361272154395,0.27607531466752466,132.37510708562837,60.44224956993894,2020-04-01,2026-06-01
,,,,75,government_initial_ar3,USGOVT_initial_change_k = alpha + govt_lag1_k + govt_lag2_k + govt_lag3_k,govt_lag1_k,0.5348698124846966,0.11825582678503803,4.522989073992669,2.3860805521414926e-05,0.30542361272154395,0.27607531466752466,132.37510708562837,60.44224956993894,2020-04-01,2026-06-01
,,,,75,government_initial_ar3,USGOVT_initial_change_k = alpha + govt_lag1_k + govt_lag2_k + govt_lag3_k,govt_lag2_k,-0.35236051259784323,0.12761608620547982,-2.7610979389423784,0.007326573362683867,0.30542361272154395,0.27607531466752466,132.37510708562837,60.44224956993894,2020-04-01,2026-06-01
,,,,75,government_initial_ar3,USGOVT_initial_change_k = alpha + govt_lag1_k + govt_lag2_k + govt_lag3_k,govt_lag3_k,-0.08711919783234735,0.11831053854805657,-0.7363604198028428,0.4639374530165636,0.30542361272154395,0.27607531466752466,132.37510708562837,60.44224956993894,2020-04-01,2026-06-01
,,,,75,government_initial_lag1_plus_lag3_avg,USGOVT_initial_change_k = alpha + govt_lag1_k + govt_lag3_avg_k,intercept,1.4960664283446719,15.76846356864738,0.09487712114954042,0.9246759858862655,0.2905474509639817,0.2708404357129812,133.7851757987498,63.741347079723454,2020-04-01,2026-06-01
,,,,75,government_initial_lag1_plus_lag3_avg,USGOVT_initial_change_k = alpha + govt_lag1_k + govt_lag3_avg_k,govt_lag1_k,0.6700211606331447,0.12375160764503276,5.414242072353704,7.718360676201485e-07,0.2905474509639817,0.2708404357129812,133.7851757987498,63.741347079723454,2020-04-01,2026-06-01
,,,,75,government_initial_lag1_plus_lag3_avg,USGOVT_initial_change_k = alpha + govt_lag1_k + govt_lag3_avg_k,govt_lag3_avg_k,-0.6395394883510629,0.17931644637656496,-3.5665411693918383,0.0006477148984573286,0.2905474509639817,0.2708404357129812,133.7851757987498,63.741347079723454,2020-04-01,2026-06-01
USGOVT,initial,ljung_box_lag_3,24.3526837583362,78,,,,,,,2.1083430398068555e-05,,,,,,
USGOVT,initial,ljung_box_lag_6,31.181921601796567,78,,,,,,,2.3400209058721777e-05,,,,,,
USGOVT,initial,ljung_box_lag_12,31.99942587318695,78,,,,,,,0.0013840673356631304,,,,,,
USGOVT,latest,autocorrelation_lag_1,0.3814046476826794,77,,,,,,,,,,,,,
USGOVT,latest,autocorrelation_lag_2,-0.05940249720032681,76,,,,,,,,,,,,,
USGOVT,latest,autocorrelation_lag_3,-0.28058231136773876,75,,,,,,,,,,,,,
,,,,77,government_latest_ar1,USGOVT_latest_change_k = alpha + govt_lag1_k,intercept,4.509288134141457,15.313372656667116,0.29446734140426006,0.7692143115373015,0.14546950527394875,0.13407576534426802,132.39733031776214,60.42793996008858,2020-02-01,2026-06-01
,,,,77,government_latest_ar1,USGOVT_latest_change_k = alpha + govt_lag1_k,govt_lag1_k,0.38113785505668374,0.10666679735514943,3.5731630133009142,0.0006206754143969821,0.14546950527394875,0.13407576534426802,132.39733031776214,60.42793996008858,2020-02-01,2026-06-01
,,,,75,government_latest_ar3,USGOVT_latest_change_k = alpha + govt_lag1_k + govt_lag2_k + govt_lag3_k,intercept,7.055572411426399,15.153199250014024,0.46561602569964683,0.6429155210966684,0.2273032258283647,0.19465406635632387,127.31933002750877,60.39898278404693,2020-04-01,2026-06-01
,,,,75,government_latest_ar3,USGOVT_latest_change_k = alpha + govt_lag1_k + govt_lag2_k + govt_lag3_k,govt_lag1_k,0.4250084342639817,0.11611822208981515,3.6601355636951287,0.00048116629850442023,0.2273032258283647,0.19465406635632387,127.31933002750877,60.39898278404693,2020-04-01,2026-06-01
,,,,75,government_latest_ar3,USGOVT_latest_change_k = alpha + govt_lag1_k + govt_lag2_k + govt_lag3_k,govt_lag2_k,-0.1432316151901776,0.12524459612712116,-1.143615130866005,0.25662453860032836,0.2273032258283647,0.19465406635632387,127.31933002750877,60.39898278404693,2020-04-01,2026-06-01
,,,,75,government_latest_ar3,USGOVT_latest_change_k = alpha + govt_lag1_k + govt_lag2_k + govt_lag3_k,govt_lag3_k,-0.20007382247109903,0.11596313161980515,-1.7253226924489917,0.08881971861288541,0.2273032258283647,0.19465406635632387,127.31933002750877,60.39898278404693,2020-04-01,2026-06-01
,,,,75,government_latest_lag1_plus_lag3_avg,USGOVT_latest_change_k = alpha + govt_lag1_k + govt_lag3_avg_k,intercept,6.969711274774049,15.05264810485224,0.46302226865499857,0.6447448968625857,0.22646307032635615,0.2049759333909772,127.38852856588774,59.866696400434144,2020-04-01,2026-06-01
,,,,75,government_latest_lag1_plus_lag3_avg,USGOVT_latest_change_k = alpha + govt_lag1_k + govt_lag3_avg_k,govt_lag1_k,0.611182422306285,0.1332440558504198,4.586939495390326,1.8544926933870118e-05,0.22646307032635615,0.2049759333909772,127.38852856588774,59.866696400434144,2020-04-01,2026-06-01
,,,,75,government_latest_lag1_plus_lag3_avg,USGOVT_latest_change_k = alpha + govt_lag1_k + govt_lag3_avg_k,govt_lag3_avg_k,-0.5195189139417334,0.19024066156492286,-2.730851068684067,0.007938102189227645,0.22646307032635615,0.2049759333909772,127.38852856588774,59.866696400434144,2020-04-01,2026-06-01
USGOVT,latest,ljung_box_lag_3,18.57278672593995,78,,,,,,,0.0003350297415350358,,,,,,
USGOVT,latest,ljung_box_lag_6,28.011559790518607,78,,,,,,,9.34929074882388e-05,,,,,,
USGOVT,latest,ljung_box_lag_12,29.577473814020067,78,,,,,,,0.0032315146929885463,,,,,,
