series_id,target_date,vintage_date,level,monthly_change_thousands
ADPMNUSNERSA,2020-01-01,2026-08-05,125098000.0,-65.0
ADPMNUSNERSA,2020-02-01,2026-08-05,124969000.0,-129.0
ADPMNUSNERSA,2020-03-01,2026-08-05,124782000.0,-187.0
ADPMNUSNERSA,2020-04-01,2026-08-05,123327000.0,-1455.0
ADPMNUSNERSA,2020-05-01,2026-08-05,121499000.0,-1828.0
ADPMNUSNERSA,2020-06-01,2026-08-05,119957000.0,-1542.0
ADPMNUSNERSA,2020-07-01,2026-08-05,119115000.0,-842.0
ADPMNUSNERSA,2020-08-01,2026-08-05,118758000.0,-357.0
ADPMNUSNERSA,2020-09-01,2026-08-05,118978000.0,220.0
ADPMNUSNERSA,2020-10-01,2026-08-05,119197000.0,219.0
ADPMNUSNERSA,2020-11-01,2026-08-05,119424000.0,227.0
ADPMNUSNERSA,2020-12-01,2026-08-05,119612000.0,188.0
ADPMNUSNERSA,2021-01-01,2026-08-05,119529000.0,-83.0
ADPMNUSNERSA,2021-02-01,2026-08-05,119330000.0,-199.0
ADPMNUSNERSA,2021-03-01,2026-08-05,119262000.0,-68.0
ADPMNUSNERSA,2021-04-01,2026-08-05,119308000.0,46.0
ADPMNUSNERSA,2021-05-01,2026-08-05,119380000.0,72.0
ADPMNUSNERSA,2021-06-01,2026-08-05,119592000.0,212.0
ADPMNUSNERSA,2021-07-01,2026-08-05,120165000.0,573.0
ADPMNUSNERSA,2021-08-01,2026-08-05,120762000.0,597.0
ADPMNUSNERSA,2021-09-01,2026-08-05,121476000.0,714.0
ADPMNUSNERSA,2021-10-01,2026-08-05,122155000.0,679.0
ADPMNUSNERSA,2021-11-01,2026-08-05,123013000.0,858.0
ADPMNUSNERSA,2021-12-01,2026-08-05,123960000.0,947.0
ADPMNUSNERSA,2022-01-01,2026-08-05,124431000.0,471.0
ADPMNUSNERSA,2022-02-01,2026-08-05,125015000.0,584.0
ADPMNUSNERSA,2022-03-01,2026-08-05,125613000.0,598.0
ADPMNUSNERSA,2022-04-01,2026-08-05,126298000.0,685.0
ADPMNUSNERSA,2022-05-01,2026-08-05,126601000.0,303.0
ADPMNUSNERSA,2022-06-01,2026-08-05,127139000.0,538.0
ADPMNUSNERSA,2022-07-01,2026-08-05,127548000.0,409.0
ADPMNUSNERSA,2022-08-01,2026-08-05,127913000.0,365.0
ADPMNUSNERSA,2022-09-01,2026-08-05,128252000.0,339.0
ADPMNUSNERSA,2022-10-01,2026-08-05,128503000.0,251.0
ADPMNUSNERSA,2022-11-01,2026-08-05,128772000.0,269.0
ADPMNUSNERSA,2022-12-01,2026-08-05,128963000.0,191.0
ADPMNUSNERSA,2023-01-01,2026-08-05,129150000.0,187.0
ADPMNUSNERSA,2023-02-01,2026-08-05,129300000.0,150.0
ADPMNUSNERSA,2023-03-01,2026-08-05,129376000.0,76.0
ADPMNUSNERSA,2023-04-01,2026-08-05,129467000.0,91.0
ADPMNUSNERSA,2023-05-01,2026-08-05,129827000.0,360.0
ADPMNUSNERSA,2023-06-01,2026-08-05,130310000.0,483.0
ADPMNUSNERSA,2023-07-01,2026-08-05,130579000.0,269.0
ADPMNUSNERSA,2023-08-01,2026-08-05,130695000.0,116.0
ADPMNUSNERSA,2023-09-01,2026-08-05,130732000.0,37.0
ADPMNUSNERSA,2023-10-01,2026-08-05,130703000.0,-29.0
ADPMNUSNERSA,2023-11-01,2026-08-05,130808000.0,105.0
ADPMNUSNERSA,2023-12-01,2026-08-05,131090000.0,282.0
ADPMNUSNERSA,2024-01-01,2026-08-05,131330000.0,240.0
ADPMNUSNERSA,2024-02-01,2026-08-05,131223000.0,-107.0
ADPMNUSNERSA,2024-03-01,2026-08-05,131120000.0,-103.0
ADPMNUSNERSA,2024-04-01,2026-08-05,131164000.0,44.0
ADPMNUSNERSA,2024-05-01,2026-08-05,131365000.0,201.0
ADPMNUSNERSA,2024-06-01,2026-08-05,131469000.0,104.0
ADPMNUSNERSA,2024-07-01,2026-08-05,131589000.0,120.0
ADPMNUSNERSA,2024-08-01,2026-08-05,131635000.0,46.0
ADPMNUSNERSA,2024-09-01,2026-08-05,131614000.0,-21.0
ADPMNUSNERSA,2024-10-01,2026-08-05,131602000.0,-12.0
ADPMNUSNERSA,2024-11-01,2026-08-05,131704000.0,102.0
ADPMNUSNERSA,2024-12-01,2026-08-05,131861000.0,157.0
ADPMNUSNERSA,2025-01-01,2026-08-05,132001000.0,140.0
ADPMNUSNERSA,2025-02-01,2026-08-05,132015000.0,14.0
ADPMNUSNERSA,2025-03-01,2026-08-05,131962000.0,-53.0
ADPMNUSNERSA,2025-04-01,2026-08-05,131939000.0,-23.0
ADPMNUSNERSA,2025-05-01,2026-08-05,131915000.0,-24.0
ADPMNUSNERSA,2025-06-01,2026-08-05,131914000.0,-1.0
ADPMNUSNERSA,2025-07-01,2026-08-05,131991000.0,77.0
ADPMNUSNERSA,2025-08-01,2026-08-05,132040000.0,49.0
ADPMNUSNERSA,2025-09-01,2026-08-05,132128000.0,88.0
ADPMNUSNERSA,2025-10-01,2026-08-05,132148000.0,20.0
ADPMNUSNERSA,2025-11-01,2026-08-05,132222000.0,74.0
ADPMNUSNERSA,2025-12-01,2026-08-05,132259000.0,37.0
ADPMNUSNERSA,2026-01-01,2026-08-05,132270000.0,11.0
ADPMNUSNERSA,2026-02-01,2026-08-05,132336000.0,66.0
ADPMNUSNERSA,2026-03-01,2026-08-05,132397000.0,61.0
ADPMNUSNERSA,2026-04-01,2026-08-05,132502000.0,105.0
ADPMNUSNERSA,2026-05-01,2026-08-05,132624000.0,122.0
ADPMNUSNERSA,2026-06-01,2026-08-05,132719000.0,95.0
ADPMNUSNERSA,2026-07-01,2026-08-05,132763000.0,44.0
CES9091000001,2020-01-01,2026-07-02,2855.0,18.0
CES9091000001,2020-02-01,2026-07-02,2857.0,2.0
CES9091000001,2020-03-01,2026-07-02,2876.0,19.0
CES9091000001,2020-04-01,2026-07-02,2875.0,-1.0
CES9091000001,2020-05-01,2026-07-02,2876.0,1.0
CES9091000001,2020-06-01,2026-07-02,2883.0,7.0
CES9091000001,2020-07-01,2026-07-02,2908.0,25.0
CES9091000001,2020-08-01,2026-07-02,3156.0,248.0
CES9091000001,2020-09-01,2026-07-02,3123.0,-33.0
CES9091000001,2020-10-01,2026-07-02,2981.0,-142.0
CES9091000001,2020-11-01,2026-07-02,2892.0,-89.0
CES9091000001,2020-12-01,2026-07-02,2897.0,5.0
CES9091000001,2021-01-01,2026-07-02,2884.0,-13.0
CES9091000001,2021-02-01,2026-07-02,2883.0,-1.0
CES9091000001,2021-03-01,2026-07-02,2885.0,2.0
CES9091000001,2021-04-01,2026-07-02,2894.0,9.0
CES9091000001,2021-05-01,2026-07-02,2886.0,-8.0
CES9091000001,2021-06-01,2026-07-02,2887.0,1.0
CES9091000001,2021-07-01,2026-07-02,2892.0,5.0
CES9091000001,2021-08-01,2026-07-02,2888.0,-4.0
CES9091000001,2021-09-01,2026-07-02,2887.0,-1.0
CES9091000001,2021-10-01,2026-07-02,2878.0,-9.0
CES9091000001,2021-11-01,2026-07-02,2889.0,11.0
CES9091000001,2021-12-01,2026-07-02,2882.0,-7.0
CES9091000001,2022-01-01,2026-07-02,2879.0,-3.0
CES9091000001,2022-02-01,2026-07-02,2874.0,-5.0
CES9091000001,2022-03-01,2026-07-02,2867.0,-7.0
CES9091000001,2022-04-01,2026-07-02,2866.0,-1.0
CES9091000001,2022-05-01,2026-07-02,2862.0,-4.0
CES9091000001,2022-06-01,2026-07-02,2853.0,-9.0
CES9091000001,2022-07-01,2026-07-02,2862.0,9.0
CES9091000001,2022-08-01,2026-07-02,2861.0,-1.0
CES9091000001,2022-09-01,2026-07-02,2865.0,4.0
CES9091000001,2022-10-01,2026-07-02,2870.0,5.0
CES9091000001,2022-11-01,2026-07-02,2877.0,7.0
CES9091000001,2022-12-01,2026-07-02,2874.0,-3.0
CES9091000001,2023-01-01,2026-07-02,2880.0,6.0
CES9091000001,2023-02-01,2026-07-02,2887.0,7.0
CES9091000001,2023-03-01,2026-07-02,2893.0,6.0
CES9091000001,2023-04-01,2026-07-02,2904.0,11.0
CES9091000001,2023-05-01,2026-07-02,2915.0,11.0
CES9091000001,2023-06-01,2026-07-02,2925.0,10.0
CES9091000001,2023-07-01,2026-07-02,2930.0,5.0
CES9091000001,2023-08-01,2026-07-02,2946.0,16.0
CES9091000001,2023-09-01,2026-07-02,2951.0,5.0
CES9091000001,2023-10-01,2026-07-02,2956.0,5.0
CES9091000001,2023-11-01,2026-07-02,2960.0,4.0
CES9091000001,2023-12-01,2026-07-02,2964.0,4.0
CES9091000001,2024-01-01,2026-07-02,2971.0,7.0
CES9091000001,2024-02-01,2026-07-02,2980.0,9.0
CES9091000001,2024-03-01,2026-07-02,2989.0,9.0
CES9091000001,2024-04-01,2026-07-02,2992.0,3.0
CES9091000001,2024-05-01,2026-07-02,3001.0,9.0
CES9091000001,2024-06-01,2026-07-02,3005.0,4.0
CES9091000001,2024-07-01,2026-07-02,3007.0,2.0
CES9091000001,2024-08-01,2026-07-02,3011.0,4.0
CES9091000001,2024-09-01,2026-07-02,3012.0,1.0
CES9091000001,2024-10-01,2026-07-02,3013.0,1.0
CES9091000001,2024-11-01,2026-07-02,3009.0,-4.0
CES9091000001,2024-12-01,2026-07-02,3009.0,0.0
CES9091000001,2025-01-01,2026-07-02,3010.0,1.0
CES9091000001,2025-02-01,2026-07-02,2997.0,-13.0
CES9091000001,2025-03-01,2026-07-02,2988.0,-9.0
CES9091000001,2025-04-01,2026-07-02,2976.0,-12.0
CES9091000001,2025-05-01,2026-07-02,2952.0,-24.0
CES9091000001,2025-06-01,2026-07-02,2944.0,-8.0
CES9091000001,2025-07-01,2026-07-02,2935.0,-9.0
CES9091000001,2025-08-01,2026-07-02,2916.0,-19.0
CES9091000001,2025-09-01,2026-07-02,2914.0,-2.0
CES9091000001,2025-10-01,2026-07-02,2748.0,-166.0
CES9091000001,2025-11-01,2026-07-02,2733.0,-15.0
CES9091000001,2025-12-01,2026-07-02,2722.0,-11.0
CES9091000001,2026-01-01,2026-07-02,2685.0,-37.0
CES9091000001,2026-02-01,2026-07-02,2689.0,4.0
CES9091000001,2026-03-01,2026-07-02,2682.0,-7.0
CES9091000001,2026-04-01,2026-07-02,2681.0,-1.0
CES9091000001,2026-05-01,2026-07-02,2684.0,3.0
CES9091000001,2026-06-01,2026-07-02,2686.0,2.0
CES9092000001,2020-01-01,2026-07-02,5262.0,11.0
CES9092000001,2020-02-01,2026-07-02,5308.0,46.0
CES9092000001,2020-03-01,2026-07-02,5263.0,-45.0
CES9092000001,2020-04-01,2026-07-02,5113.0,-150.0
CES9092000001,2020-05-01,2026-07-02,5059.0,-54.0
CES9092000001,2020-06-01,2026-07-02,5069.0,10.0
CES9092000001,2020-07-01,2026-07-02,5080.0,11.0
CES9092000001,2020-08-01,2026-07-02,5120.0,40.0
CES9092000001,2020-09-01,2026-07-02,5091.0,-29.0
CES9092000001,2020-10-01,2026-07-02,5074.0,-17.0
CES9092000001,2020-11-01,2026-07-02,5074.0,0.0
CES9092000001,2020-12-01,2026-07-02,5083.0,9.0
CES9092000001,2021-01-01,2026-07-02,5142.0,59.0
CES9092000001,2021-02-01,2026-07-02,5153.0,11.0
CES9092000001,2021-03-01,2026-07-02,5186.0,33.0
CES9092000001,2021-04-01,2026-07-02,5180.0,-6.0
CES9092000001,2021-05-01,2026-07-02,5178.0,-2.0
CES9092000001,2021-06-01,2026-07-02,5197.0,19.0
CES9092000001,2021-07-01,2026-07-02,5180.0,-17.0
CES9092000001,2021-08-01,2026-07-02,5153.0,-27.0
CES9092000001,2021-09-01,2026-07-02,5137.0,-16.0
CES9092000001,2021-10-01,2026-07-02,5132.0,-5.0
CES9092000001,2021-11-01,2026-07-02,5124.0,-8.0
CES9092000001,2021-12-01,2026-07-02,5121.0,-3.0
CES9092000001,2022-01-01,2026-07-02,5089.0,-32.0
CES9092000001,2022-02-01,2026-07-02,5069.0,-20.0
CES9092000001,2022-03-01,2026-07-02,5052.0,-17.0
CES9092000001,2022-04-01,2026-07-02,5068.0,16.0
CES9092000001,2022-05-01,2026-07-02,5100.0,32.0
CES9092000001,2022-06-01,2026-07-02,5107.0,7.0
CES9092000001,2022-07-01,2026-07-02,5137.0,30.0
CES9092000001,2022-08-01,2026-07-02,5144.0,7.0
CES9092000001,2022-09-01,2026-07-02,5149.0,5.0
CES9092000001,2022-10-01,2026-07-02,5140.0,-9.0
CES9092000001,2022-11-01,2026-07-02,5163.0,23.0
CES9092000001,2022-12-01,2026-07-02,5133.0,-30.0
CES9092000001,2023-01-01,2026-07-02,5199.0,66.0
CES9092000001,2023-02-01,2026-07-02,5218.0,19.0
CES9092000001,2023-03-01,2026-07-02,5232.0,14.0
CES9092000001,2023-04-01,2026-07-02,5252.0,20.0
CES9092000001,2023-05-01,2026-07-02,5278.0,26.0
CES9092000001,2023-06-01,2026-07-02,5295.0,17.0
CES9092000001,2023-07-01,2026-07-02,5298.0,3.0
CES9092000001,2023-08-01,2026-07-02,5320.0,22.0
CES9092000001,2023-09-01,2026-07-02,5337.0,17.0
CES9092000001,2023-10-01,2026-07-02,5361.0,24.0
CES9092000001,2023-11-01,2026-07-02,5363.0,2.0
CES9092000001,2023-12-01,2026-07-02,5372.0,9.0
CES9092000001,2024-01-01,2026-07-02,5388.0,16.0
CES9092000001,2024-02-01,2026-07-02,5405.0,17.0
CES9092000001,2024-03-01,2026-07-02,5413.0,8.0
CES9092000001,2024-04-01,2026-07-02,5421.0,8.0
CES9092000001,2024-05-01,2026-07-02,5420.0,-1.0
CES9092000001,2024-06-01,2026-07-02,5423.0,3.0
CES9092000001,2024-07-01,2026-07-02,5443.0,20.0
CES9092000001,2024-08-01,2026-07-02,5468.0,25.0
CES9092000001,2024-09-01,2026-07-02,5479.0,11.0
CES9092000001,2024-10-01,2026-07-02,5492.0,13.0
CES9092000001,2024-11-01,2026-07-02,5502.0,10.0
CES9092000001,2024-12-01,2026-07-02,5515.0,13.0
CES9092000001,2025-01-01,2026-07-02,5525.0,10.0
CES9092000001,2025-02-01,2026-07-02,5525.0,0.0
CES9092000001,2025-03-01,2026-07-02,5523.0,-2.0
CES9092000001,2025-04-01,2026-07-02,5522.0,-1.0
CES9092000001,2025-05-01,2026-07-02,5515.0,-7.0
CES9092000001,2025-06-01,2026-07-02,5516.0,1.0
CES9092000001,2025-07-01,2026-07-02,5504.0,-12.0
CES9092000001,2025-08-01,2026-07-02,5487.0,-17.0
CES9092000001,2025-09-01,2026-07-02,5497.0,10.0
CES9092000001,2025-10-01,2026-07-02,5493.0,-4.0
CES9092000001,2025-11-01,2026-07-02,5481.0,-12.0
CES9092000001,2025-12-01,2026-07-02,5476.0,-5.0
CES9092000001,2026-01-01,2026-07-02,5479.0,3.0
CES9092000001,2026-02-01,2026-07-02,5473.0,-6.0
CES9092000001,2026-03-01,2026-07-02,5469.0,-4.0
CES9092000001,2026-04-01,2026-07-02,5469.0,0.0
CES9092000001,2026-05-01,2026-07-02,5465.0,-4.0
CES9092000001,2026-06-01,2026-07-02,5469.0,4.0
CES9093000001,2020-01-01,2026-07-02,14664.0,26.0
CES9093000001,2020-02-01,2026-07-02,14692.0,28.0
CES9093000001,2020-03-01,2026-07-02,14688.0,-4.0
CES9093000001,2020-04-01,2026-07-02,13921.0,-767.0
CES9093000001,2020-05-01,2026-07-02,13458.0,-463.0
CES9093000001,2020-06-01,2026-07-02,13460.0,2.0
CES9093000001,2020-07-01,2026-07-02,13526.0,66.0
CES9093000001,2020-08-01,2026-07-02,13724.0,198.0
CES9093000001,2020-09-01,2026-07-02,13715.0,-9.0
CES9093000001,2020-10-01,2026-07-02,13750.0,35.0
CES9093000001,2020-11-01,2026-07-02,13717.0,-33.0
CES9093000001,2020-12-01,2026-07-02,13698.0,-19.0
CES9093000001,2021-01-01,2026-07-02,13715.0,17.0
CES9093000001,2021-02-01,2026-07-02,13718.0,3.0
CES9093000001,2021-03-01,2026-07-02,13773.0,55.0
CES9093000001,2021-04-01,2026-07-02,13819.0,46.0
CES9093000001,2021-05-01,2026-07-02,13865.0,46.0
CES9093000001,2021-06-01,2026-07-02,13947.0,82.0
CES9093000001,2021-07-01,2026-07-02,13967.0,20.0
CES9093000001,2021-08-01,2026-07-02,14095.0,128.0
CES9093000001,2021-09-01,2026-07-02,14078.0,-17.0
CES9093000001,2021-10-01,2026-07-02,14017.0,-61.0
CES9093000001,2021-11-01,2026-07-02,14033.0,16.0
CES9093000001,2021-12-01,2026-07-02,14059.0,26.0
CES9093000001,2022-01-01,2026-07-02,14081.0,22.0
CES9093000001,2022-02-01,2026-07-02,14089.0,8.0
CES9093000001,2022-03-01,2026-07-02,14114.0,25.0
CES9093000001,2022-04-01,2026-07-02,14135.0,21.0
CES9093000001,2022-05-01,2026-07-02,14163.0,28.0
CES9093000001,2022-06-01,2026-07-02,14182.0,19.0
CES9093000001,2022-07-01,2026-07-02,14307.0,125.0
CES9093000001,2022-08-01,2026-07-02,14301.0,-6.0
CES9093000001,2022-09-01,2026-07-02,14283.0,-18.0
CES9093000001,2022-10-01,2026-07-02,14283.0,0.0
CES9093000001,2022-11-01,2026-07-02,14339.0,56.0
CES9093000001,2022-12-01,2026-07-02,14358.0,19.0
CES9093000001,2023-01-01,2026-07-02,14405.0,47.0
CES9093000001,2023-02-01,2026-07-02,14433.0,28.0
CES9093000001,2023-03-01,2026-07-02,14455.0,22.0
CES9093000001,2023-04-01,2026-07-02,14486.0,31.0
CES9093000001,2023-05-01,2026-07-02,14529.0,43.0
CES9093000001,2023-06-01,2026-07-02,14572.0,43.0
CES9093000001,2023-07-01,2026-07-02,14609.0,37.0
CES9093000001,2023-08-01,2026-07-02,14641.0,32.0
CES9093000001,2023-09-01,2026-07-02,14660.0,19.0
CES9093000001,2023-10-01,2026-07-02,14676.0,16.0
CES9093000001,2023-11-01,2026-07-02,14713.0,37.0
CES9093000001,2023-12-01,2026-07-02,14755.0,42.0
CES9093000001,2024-01-01,2026-07-02,14781.0,26.0
CES9093000001,2024-02-01,2026-07-02,14826.0,45.0
CES9093000001,2024-03-01,2026-07-02,14894.0,68.0
CES9093000001,2024-04-01,2026-07-02,14884.0,-10.0
CES9093000001,2024-05-01,2026-07-02,14909.0,25.0
CES9093000001,2024-06-01,2026-07-02,14911.0,2.0
CES9093000001,2024-07-01,2026-07-02,14950.0,39.0
CES9093000001,2024-08-01,2026-07-02,14957.0,7.0
CES9093000001,2024-09-01,2026-07-02,14958.0,1.0
CES9093000001,2024-10-01,2026-07-02,14981.0,23.0
CES9093000001,2024-11-01,2026-07-02,14993.0,12.0
CES9093000001,2024-12-01,2026-07-02,15005.0,12.0
CES9093000001,2025-01-01,2026-07-02,15022.0,17.0
CES9093000001,2025-02-01,2026-07-02,15037.0,15.0
CES9093000001,2025-03-01,2026-07-02,15048.0,11.0
CES9093000001,2025-04-01,2026-07-02,15070.0,22.0
CES9093000001,2025-05-01,2026-07-02,15094.0,24.0
CES9093000001,2025-06-01,2026-07-02,15126.0,32.0
CES9093000001,2025-07-01,2026-07-02,15146.0,20.0
CES9093000001,2025-08-01,2026-07-02,15132.0,-14.0
CES9093000001,2025-09-01,2026-07-02,15132.0,0.0
CES9093000001,2025-10-01,2026-07-02,15149.0,17.0
CES9093000001,2025-11-01,2026-07-02,15145.0,-4.0
CES9093000001,2025-12-01,2026-07-02,15151.0,6.0
CES9093000001,2026-01-01,2026-07-02,15165.0,14.0
CES9093000001,2026-02-01,2026-07-02,15159.0,-6.0
CES9093000001,2026-03-01,2026-07-02,15182.0,23.0
CES9093000001,2026-04-01,2026-07-02,15181.0,-1.0
CES9093000001,2026-05-01,2026-07-02,15214.0,33.0
CES9093000001,2026-06-01,2026-07-02,15216.0,2.0
PAYEMS,2020-01-01,2026-07-02,152031.0,237.0
PAYEMS,2020-02-01,2026-07-02,152293.0,262.0
PAYEMS,2020-03-01,2026-07-02,150895.0,-1398.0
PAYEMS,2020-04-01,2026-07-02,130426.0,-20469.0
PAYEMS,2020-05-01,2026-07-02,133040.0,2614.0
PAYEMS,2020-06-01,2026-07-02,137671.0,4631.0
PAYEMS,2020-07-01,2026-07-02,139255.0,1584.0
PAYEMS,2020-08-01,2026-07-02,140821.0,1566.0
PAYEMS,2020-09-01,2026-07-02,141770.0,949.0
PAYEMS,2020-10-01,2026-07-02,142460.0,690.0
PAYEMS,2020-11-01,2026-07-02,142733.0,273.0
PAYEMS,2020-12-01,2026-07-02,142548.0,-185.0
PAYEMS,2021-01-01,2026-07-02,142863.0,315.0
PAYEMS,2021-02-01,2026-07-02,143380.0,517.0
PAYEMS,2021-03-01,2026-07-02,144232.0,852.0
PAYEMS,2021-04-01,2026-07-02,144587.0,355.0
PAYEMS,2021-05-01,2026-07-02,145065.0,478.0
PAYEMS,2021-06-01,2026-07-02,145820.0,755.0
PAYEMS,2021-07-01,2026-07-02,146762.0,942.0
PAYEMS,2021-08-01,2026-07-02,147314.0,552.0
PAYEMS,2021-09-01,2026-07-02,147771.0,457.0
PAYEMS,2021-10-01,2026-07-02,148572.0,801.0
PAYEMS,2021-11-01,2026-07-02,149230.0,658.0
PAYEMS,2021-12-01,2026-07-02,149816.0,586.0
PAYEMS,2022-01-01,2026-07-02,150006.0,190.0
PAYEMS,2022-02-01,2026-07-02,150825.0,819.0
PAYEMS,2022-03-01,2026-07-02,151315.0,490.0
PAYEMS,2022-04-01,2026-07-02,151623.0,308.0
PAYEMS,2022-05-01,2026-07-02,151924.0,301.0
PAYEMS,2022-06-01,2026-07-02,152358.0,434.0
PAYEMS,2022-07-01,2026-07-02,153072.0,714.0
PAYEMS,2022-08-01,2026-07-02,153362.0,290.0
PAYEMS,2022-09-01,2026-07-02,153582.0,220.0
PAYEMS,2022-10-01,2026-07-02,153939.0,357.0
PAYEMS,2022-11-01,2026-07-02,154242.0,303.0
PAYEMS,2022-12-01,2026-07-02,154342.0,100.0
PAYEMS,2023-01-01,2026-07-02,154776.0,434.0
PAYEMS,2023-02-01,2026-07-02,155066.0,290.0
PAYEMS,2023-03-01,2026-07-02,155134.0,68.0
PAYEMS,2023-04-01,2026-07-02,155375.0,241.0
PAYEMS,2023-05-01,2026-07-02,155655.0,280.0
PAYEMS,2023-06-01,2026-07-02,155880.0,225.0
PAYEMS,2023-07-01,2026-07-02,156043.0,163.0
PAYEMS,2023-08-01,2026-07-02,156261.0,218.0
PAYEMS,2023-09-01,2026-07-02,156417.0,156.0
PAYEMS,2023-10-01,2026-07-02,156576.0,159.0
PAYEMS,2023-11-01,2026-07-02,156703.0,127.0
PAYEMS,2023-12-01,2026-07-02,156857.0,154.0
PAYEMS,2024-01-01,2026-07-02,157032.0,175.0
PAYEMS,2024-02-01,2026-07-02,157238.0,206.0
PAYEMS,2024-03-01,2026-07-02,157466.0,228.0
PAYEMS,2024-04-01,2026-07-02,157530.0,64.0
PAYEMS,2024-05-01,2026-07-02,157608.0,78.0
PAYEMS,2024-06-01,2026-07-02,157695.0,87.0
PAYEMS,2024-07-01,2026-07-02,157748.0,53.0
PAYEMS,2024-08-01,2026-07-02,157757.0,9.0
PAYEMS,2024-09-01,2026-07-02,157912.0,155.0
PAYEMS,2024-10-01,2026-07-02,157945.0,33.0
PAYEMS,2024-11-01,2026-07-02,158079.0,134.0
PAYEMS,2024-12-01,2026-07-02,158316.0,237.0
PAYEMS,2025-01-01,2026-07-02,158268.0,-48.0
PAYEMS,2025-02-01,2026-07-02,158310.0,42.0
PAYEMS,2025-03-01,2026-07-02,158377.0,67.0
PAYEMS,2025-04-01,2026-07-02,158485.0,108.0
PAYEMS,2025-05-01,2026-07-02,158498.0,13.0
PAYEMS,2025-06-01,2026-07-02,158478.0,-20.0
PAYEMS,2025-07-01,2026-07-02,158542.0,64.0
PAYEMS,2025-08-01,2026-07-02,158472.0,-70.0
PAYEMS,2025-09-01,2026-07-02,158548.0,76.0
PAYEMS,2025-10-01,2026-07-02,158408.0,-140.0
PAYEMS,2025-11-01,2026-07-02,158449.0,41.0
PAYEMS,2025-12-01,2026-07-02,158432.0,-17.0
PAYEMS,2026-01-01,2026-07-02,158592.0,160.0
PAYEMS,2026-02-01,2026-07-02,158436.0,-156.0
PAYEMS,2026-03-01,2026-07-02,158650.0,214.0
PAYEMS,2026-04-01,2026-07-02,158798.0,148.0
PAYEMS,2026-05-01,2026-07-02,158927.0,129.0
PAYEMS,2026-06-01,2026-07-02,158984.0,57.0
USGOVT,2020-01-01,2026-07-02,22781.0,55.0
USGOVT,2020-02-01,2026-07-02,22857.0,76.0
USGOVT,2020-03-01,2026-07-02,22827.0,-30.0
USGOVT,2020-04-01,2026-07-02,21909.0,-918.0
USGOVT,2020-05-01,2026-07-02,21393.0,-516.0
USGOVT,2020-06-01,2026-07-02,21412.0,19.0
USGOVT,2020-07-01,2026-07-02,21514.0,102.0
USGOVT,2020-08-01,2026-07-02,22000.0,486.0
USGOVT,2020-09-01,2026-07-02,21929.0,-71.0
USGOVT,2020-10-01,2026-07-02,21805.0,-124.0
USGOVT,2020-11-01,2026-07-02,21683.0,-122.0
USGOVT,2020-12-01,2026-07-02,21678.0,-5.0
USGOVT,2021-01-01,2026-07-02,21741.0,63.0
USGOVT,2021-02-01,2026-07-02,21754.0,13.0
USGOVT,2021-03-01,2026-07-02,21844.0,90.0
USGOVT,2021-04-01,2026-07-02,21893.0,49.0
USGOVT,2021-05-01,2026-07-02,21929.0,36.0
USGOVT,2021-06-01,2026-07-02,22031.0,102.0
USGOVT,2021-07-01,2026-07-02,22039.0,8.0
USGOVT,2021-08-01,2026-07-02,22136.0,97.0
USGOVT,2021-09-01,2026-07-02,22102.0,-34.0
USGOVT,2021-10-01,2026-07-02,22027.0,-75.0
USGOVT,2021-11-01,2026-07-02,22046.0,19.0
USGOVT,2021-12-01,2026-07-02,22062.0,16.0
USGOVT,2022-01-01,2026-07-02,22049.0,-13.0
USGOVT,2022-02-01,2026-07-02,22032.0,-17.0
USGOVT,2022-03-01,2026-07-02,22033.0,1.0
USGOVT,2022-04-01,2026-07-02,22069.0,36.0
USGOVT,2022-05-01,2026-07-02,22125.0,56.0
USGOVT,2022-06-01,2026-07-02,22142.0,17.0
USGOVT,2022-07-01,2026-07-02,22306.0,164.0
USGOVT,2022-08-01,2026-07-02,22306.0,0.0
USGOVT,2022-09-01,2026-07-02,22297.0,-9.0
USGOVT,2022-10-01,2026-07-02,22293.0,-4.0
USGOVT,2022-11-01,2026-07-02,22379.0,86.0
USGOVT,2022-12-01,2026-07-02,22365.0,-14.0
USGOVT,2023-01-01,2026-07-02,22484.0,119.0
USGOVT,2023-02-01,2026-07-02,22538.0,54.0
USGOVT,2023-03-01,2026-07-02,22580.0,42.0
USGOVT,2023-04-01,2026-07-02,22642.0,62.0
USGOVT,2023-05-01,2026-07-02,22722.0,80.0
USGOVT,2023-06-01,2026-07-02,22792.0,70.0
USGOVT,2023-07-01,2026-07-02,22837.0,45.0
USGOVT,2023-08-01,2026-07-02,22907.0,70.0
USGOVT,2023-09-01,2026-07-02,22948.0,41.0
USGOVT,2023-10-01,2026-07-02,22993.0,45.0
USGOVT,2023-11-01,2026-07-02,23036.0,43.0
USGOVT,2023-12-01,2026-07-02,23091.0,55.0
USGOVT,2024-01-01,2026-07-02,23140.0,49.0
USGOVT,2024-02-01,2026-07-02,23211.0,71.0
USGOVT,2024-03-01,2026-07-02,23296.0,85.0
USGOVT,2024-04-01,2026-07-02,23297.0,1.0
USGOVT,2024-05-01,2026-07-02,23330.0,33.0
USGOVT,2024-06-01,2026-07-02,23339.0,9.0
USGOVT,2024-07-01,2026-07-02,23400.0,61.0
USGOVT,2024-08-01,2026-07-02,23436.0,36.0
USGOVT,2024-09-01,2026-07-02,23449.0,13.0
USGOVT,2024-10-01,2026-07-02,23486.0,37.0
USGOVT,2024-11-01,2026-07-02,23504.0,18.0
USGOVT,2024-12-01,2026-07-02,23529.0,25.0
USGOVT,2025-01-01,2026-07-02,23557.0,28.0
USGOVT,2025-02-01,2026-07-02,23559.0,2.0
USGOVT,2025-03-01,2026-07-02,23559.0,0.0
USGOVT,2025-04-01,2026-07-02,23568.0,9.0
USGOVT,2025-05-01,2026-07-02,23561.0,-7.0
USGOVT,2025-06-01,2026-07-02,23586.0,25.0
USGOVT,2025-07-01,2026-07-02,23585.0,-1.0
USGOVT,2025-08-01,2026-07-02,23535.0,-50.0
USGOVT,2025-09-01,2026-07-02,23543.0,8.0
USGOVT,2025-10-01,2026-07-02,23390.0,-153.0
USGOVT,2025-11-01,2026-07-02,23359.0,-31.0
USGOVT,2025-12-01,2026-07-02,23349.0,-10.0
USGOVT,2026-01-01,2026-07-02,23329.0,-20.0
USGOVT,2026-02-01,2026-07-02,23321.0,-8.0
USGOVT,2026-03-01,2026-07-02,23333.0,12.0
USGOVT,2026-04-01,2026-07-02,23331.0,-2.0
USGOVT,2026-05-01,2026-07-02,23363.0,32.0
USGOVT,2026-06-01,2026-07-02,23371.0,8.0
USPRIV,2020-01-01,2026-07-02,129250.0,182.0
USPRIV,2020-02-01,2026-07-02,129436.0,186.0
USPRIV,2020-03-01,2026-07-02,128068.0,-1368.0
USPRIV,2020-04-01,2026-07-02,108517.0,-19551.0
USPRIV,2020-05-01,2026-07-02,111647.0,3130.0
USPRIV,2020-06-01,2026-07-02,116259.0,4612.0
USPRIV,2020-07-01,2026-07-02,117741.0,1482.0
USPRIV,2020-08-01,2026-07-02,118821.0,1080.0
USPRIV,2020-09-01,2026-07-02,119841.0,1020.0
USPRIV,2020-10-01,2026-07-02,120655.0,814.0
USPRIV,2020-11-01,2026-07-02,121050.0,395.0
USPRIV,2020-12-01,2026-07-02,120870.0,-180.0
USPRIV,2021-01-01,2026-07-02,121122.0,252.0
USPRIV,2021-02-01,2026-07-02,121626.0,504.0
USPRIV,2021-03-01,2026-07-02,122388.0,762.0
USPRIV,2021-04-01,2026-07-02,122694.0,306.0
USPRIV,2021-05-01,2026-07-02,123136.0,442.0
USPRIV,2021-06-01,2026-07-02,123789.0,653.0
USPRIV,2021-07-01,2026-07-02,124723.0,934.0
USPRIV,2021-08-01,2026-07-02,125178.0,455.0
USPRIV,2021-09-01,2026-07-02,125669.0,491.0
USPRIV,2021-10-01,2026-07-02,126545.0,876.0
USPRIV,2021-11-01,2026-07-02,127184.0,639.0
USPRIV,2021-12-01,2026-07-02,127754.0,570.0
USPRIV,2022-01-01,2026-07-02,127957.0,203.0
USPRIV,2022-02-01,2026-07-02,128793.0,836.0
USPRIV,2022-03-01,2026-07-02,129282.0,489.0
USPRIV,2022-04-01,2026-07-02,129554.0,272.0
USPRIV,2022-05-01,2026-07-02,129799.0,245.0
USPRIV,2022-06-01,2026-07-02,130216.0,417.0
USPRIV,2022-07-01,2026-07-02,130766.0,550.0
USPRIV,2022-08-01,2026-07-02,131056.0,290.0
USPRIV,2022-09-01,2026-07-02,131285.0,229.0
USPRIV,2022-10-01,2026-07-02,131646.0,361.0
USPRIV,2022-11-01,2026-07-02,131863.0,217.0
USPRIV,2022-12-01,2026-07-02,131977.0,114.0
USPRIV,2023-01-01,2026-07-02,132292.0,315.0
USPRIV,2023-02-01,2026-07-02,132528.0,236.0
USPRIV,2023-03-01,2026-07-02,132554.0,26.0
USPRIV,2023-04-01,2026-07-02,132733.0,179.0
USPRIV,2023-05-01,2026-07-02,132933.0,200.0
USPRIV,2023-06-01,2026-07-02,133088.0,155.0
USPRIV,2023-07-01,2026-07-02,133206.0,118.0
USPRIV,2023-08-01,2026-07-02,133354.0,148.0
USPRIV,2023-09-01,2026-07-02,133469.0,115.0
USPRIV,2023-10-01,2026-07-02,133583.0,114.0
USPRIV,2023-11-01,2026-07-02,133667.0,84.0
USPRIV,2023-12-01,2026-07-02,133766.0,99.0
USPRIV,2024-01-01,2026-07-02,133892.0,126.0
USPRIV,2024-02-01,2026-07-02,134027.0,135.0
USPRIV,2024-03-01,2026-07-02,134170.0,143.0
USPRIV,2024-04-01,2026-07-02,134233.0,63.0
USPRIV,2024-05-01,2026-07-02,134278.0,45.0
USPRIV,2024-06-01,2026-07-02,134356.0,78.0
USPRIV,2024-07-01,2026-07-02,134348.0,-8.0
USPRIV,2024-08-01,2026-07-02,134321.0,-27.0
USPRIV,2024-09-01,2026-07-02,134463.0,142.0
USPRIV,2024-10-01,2026-07-02,134459.0,-4.0
USPRIV,2024-11-01,2026-07-02,134575.0,116.0
USPRIV,2024-12-01,2026-07-02,134787.0,212.0
USPRIV,2025-01-01,2026-07-02,134711.0,-76.0
USPRIV,2025-02-01,2026-07-02,134751.0,40.0
USPRIV,2025-03-01,2026-07-02,134818.0,67.0
USPRIV,2025-04-01,2026-07-02,134917.0,99.0
USPRIV,2025-05-01,2026-07-02,134937.0,20.0
USPRIV,2025-06-01,2026-07-02,134892.0,-45.0
USPRIV,2025-07-01,2026-07-02,134957.0,65.0
USPRIV,2025-08-01,2026-07-02,134937.0,-20.0
USPRIV,2025-09-01,2026-07-02,135005.0,68.0
USPRIV,2025-10-01,2026-07-02,135018.0,13.0
USPRIV,2025-11-01,2026-07-02,135090.0,72.0
USPRIV,2025-12-01,2026-07-02,135083.0,-7.0
USPRIV,2026-01-01,2026-07-02,135263.0,180.0
USPRIV,2026-02-01,2026-07-02,135115.0,-148.0
USPRIV,2026-03-01,2026-07-02,135317.0,202.0
USPRIV,2026-04-01,2026-07-02,135467.0,150.0
USPRIV,2026-05-01,2026-07-02,135564.0,97.0
USPRIV,2026-06-01,2026-07-02,135613.0,49.0
