target_date,ADPMNUSNERSA_initial_change_k,CES9091000001_initial_change_k,CES9092000001_initial_change_k,CES9093000001_initial_change_k,PAYEMS_initial_change_k,USGOVT_initial_change_k,USPRIV_initial_change_k,ADPMNUSNERSA_initial_vintage_date,CES9091000001_initial_vintage_date,CES9092000001_initial_vintage_date,CES9093000001_initial_vintage_date,PAYEMS_initial_vintage_date,USGOVT_initial_vintage_date,USPRIV_initial_vintage_date,private_plus_government_initial_change_k,payems_minus_components_initial_k,ADPMNUSNERSA_latest_change_k,CES9091000001_latest_change_k,CES9092000001_latest_change_k,CES9093000001_latest_change_k,PAYEMS_latest_change_k,USGOVT_latest_change_k,USPRIV_latest_change_k,ADPMNUSNERSA_latest_vintage_date,CES9091000001_latest_vintage_date,CES9092000001_latest_vintage_date,CES9093000001_latest_vintage_date,PAYEMS_latest_vintage_date,USGOVT_latest_vintage_date,USPRIV_latest_vintage_date,private_plus_government_latest_change_k,payems_minus_components_latest_k
2020-01-01,1662.0,12.0,-13.0,20.0,225.0,19.0,206.0,2022-08-31,2020-02-07,2020-02-07,2020-02-07,2020-02-07,2020-02-07,2020-02-07,225.0,0.0,-65.0,18.0,11.0,26.0,237.0,55.0,182.0,2026-08-05,2026-07-02,2026-07-02,2026-07-02,2026-07-02,2026-07-02,2026-07-02,237.0,0.0
2020-02-01,153.0,8.0,18.0,19.0,273.0,45.0,228.0,2022-08-31,2020-03-06,2020-03-06,2020-03-06,2020-03-06,2020-03-06,2020-03-06,273.0,0.0,-129.0,2.0,46.0,28.0,262.0,76.0,186.0,2026-08-05,2026-07-02,2026-07-02,2026-07-02,2026-07-02,2026-07-02,2026-07-02,262.0,0.0
2020-03-01,-436.0,18.0,-14.0,8.0,-701.0,12.0,-713.0,2022-08-31,2020-04-03,2020-04-03,2020-04-03,2020-04-03,2020-04-03,2020-04-03,-701.0,0.0,-187.0,19.0,-45.0,-4.0,-1398.0,-30.0,-1368.0,2026-08-05,2026-07-02,2026-07-02,2026-07-02,2026-07-02,2026-07-02,2026-07-02,-1398.0,0.0
2020-04-01,-6657.0,1.0,-180.0,-801.0,-20500.0,-980.0,-19520.0,2022-08-31,2020-05-08,2020-05-08,2020-05-08,2020-05-08,2020-05-08,2020-05-08,-20500.0,0.0,-1455.0,-1.0,-150.0,-767.0,-20469.0,-918.0,-19551.0,2026-08-05,2026-07-02,2026-07-02,2026-07-02,2026-07-02,2026-07-02,2026-07-02,-20469.0,0.0
2020-05-01,-196.0,-14.0,-84.0,-487.0,2509.0,-585.0,3094.0,2022-08-31,2020-06-05,2020-06-05,2020-06-05,2020-06-05,2020-06-05,2020-06-05,2509.0,0.0,-1828.0,1.0,-54.0,-463.0,2614.0,-516.0,3130.0,2026-08-05,2026-07-02,2026-07-02,2026-07-02,2026-07-02,2026-07-02,2026-07-02,2614.0,0.0
2020-06-01,-39.0,1.0,-25.0,57.0,4800.0,33.0,4767.0,2022-08-31,2020-07-02,2020-07-02,2020-07-02,2020-07-02,2020-07-02,2020-07-02,4800.0,0.0,-1542.0,7.0,10.0,2.0,4631.0,19.0,4612.0,2026-08-05,2026-07-02,2026-07-02,2026-07-02,2026-07-02,2026-07-02,2026-07-02,4631.0,0.0
2020-07-01,-283.0,27.0,33.0,241.0,1763.0,301.0,1462.0,2022-08-31,2020-08-07,2020-08-07,2020-08-07,2020-08-07,2020-08-07,2020-08-07,1763.0,0.0,-842.0,25.0,11.0,66.0,1584.0,102.0,1482.0,2026-08-05,2026-07-02,2026-07-02,2026-07-02,2026-07-02,2026-07-02,2026-07-02,1584.0,0.0
2020-08-01,229.0,251.0,-2.0,95.0,1371.0,344.0,1027.0,2022-08-31,2020-09-04,2020-09-04,2020-09-04,2020-09-04,2020-09-04,2020-09-04,1371.0,0.0,-357.0,248.0,40.0,198.0,1566.0,486.0,1080.0,2026-08-05,2026-07-02,2026-07-02,2026-07-02,2026-07-02,2026-07-02,2026-07-02,1566.0,0.0
2020-09-01,142.0,-34.0,-48.0,-134.0,661.0,-216.0,877.0,2022-08-31,2020-10-02,2020-10-02,2020-10-02,2020-10-02,2020-10-02,2020-10-02,661.0,0.0,220.0,-33.0,-29.0,-9.0,949.0,-71.0,1020.0,2026-08-05,2026-07-02,2026-07-02,2026-07-02,2026-07-02,2026-07-02,2026-07-02,949.0,0.0
2020-10-01,234.0,-138.0,-65.0,-65.0,638.0,-268.0,906.0,2022-08-31,2020-11-06,2020-11-06,2020-11-06,2020-11-06,2020-11-06,2020-11-06,638.0,0.0,219.0,-142.0,-17.0,35.0,690.0,-124.0,814.0,2026-08-05,2026-07-02,2026-07-02,2026-07-02,2026-07-02,2026-07-02,2026-07-02,690.0,0.0
2020-11-01,129.0,-86.0,0.0,-13.0,245.0,-99.0,344.0,2022-08-31,2020-12-04,2020-12-04,2020-12-04,2020-12-04,2020-12-04,2020-12-04,245.0,0.0,227.0,-89.0,0.0,-33.0,273.0,-122.0,395.0,2026-08-05,2026-07-02,2026-07-02,2026-07-02,2026-07-02,2026-07-02,2026-07-02,273.0,0.0
2020-12-01,-58.0,6.0,-19.0,-32.0,-140.0,-45.0,-95.0,2022-08-31,2021-01-08,2021-01-08,2021-01-08,2021-01-08,2021-01-08,2021-01-08,-140.0,0.0,188.0,5.0,9.0,-19.0,-185.0,-5.0,-180.0,2026-08-05,2026-07-02,2026-07-02,2026-07-02,2026-07-02,2026-07-02,2026-07-02,-185.0,0.0
2021-01-01,-109.0,-24.0,31.0,36.0,49.0,43.0,6.0,2022-08-31,2021-02-05,2021-02-05,2021-02-05,2021-02-05,2021-02-05,2021-02-05,49.0,0.0,-83.0,-13.0,59.0,17.0,315.0,63.0,252.0,2026-08-05,2026-07-02,2026-07-02,2026-07-02,2026-07-02,2026-07-02,2026-07-02,315.0,0.0
2021-02-01,341.0,-3.0,-39.0,-44.0,379.0,-86.0,465.0,2022-08-31,2021-03-05,2021-03-05,2021-03-05,2021-03-05,2021-03-05,2021-03-05,379.0,0.0,-199.0,-1.0,11.0,3.0,517.0,13.0,504.0,2026-08-05,2026-07-02,2026-07-02,2026-07-02,2026-07-02,2026-07-02,2026-07-02,517.0,0.0
2021-03-01,297.0,7.0,46.0,83.0,916.0,136.0,780.0,2022-08-31,2021-04-02,2021-04-02,2021-04-02,2021-04-02,2021-04-02,2021-04-02,916.0,0.0,-68.0,2.0,33.0,55.0,852.0,90.0,762.0,2026-08-05,2026-07-02,2026-07-02,2026-07-02,2026-07-02,2026-07-02,2026-07-02,852.0,0.0
2021-04-01,218.0,9.0,7.0,32.0,266.0,48.0,218.0,2022-08-31,2021-05-07,2021-05-07,2021-05-07,2021-05-07,2021-05-07,2021-05-07,266.0,0.0,46.0,9.0,-6.0,46.0,355.0,49.0,306.0,2026-08-05,2026-07-02,2026-07-02,2026-07-02,2026-07-02,2026-07-02,2026-07-02,355.0,0.0
2021-05-01,488.0,-11.0,45.0,33.0,559.0,67.0,492.0,2022-08-31,2021-06-04,2021-06-04,2021-06-04,2021-06-04,2021-06-04,2021-06-04,559.0,0.0,72.0,-8.0,-2.0,46.0,478.0,36.0,442.0,2026-08-05,2026-07-02,2026-07-02,2026-07-02,2026-07-02,2026-07-02,2026-07-02,478.0,0.0
2021-06-01,292.0,-5.0,69.0,124.0,850.0,188.0,662.0,2022-08-31,2021-07-02,2021-07-02,2021-07-02,2021-07-02,2021-07-02,2021-07-02,850.0,0.0,212.0,1.0,19.0,82.0,755.0,102.0,653.0,2026-08-05,2026-07-02,2026-07-02,2026-07-02,2026-07-02,2026-07-02,2026-07-02,755.0,0.0
2021-07-01,618.0,18.0,-8.0,230.0,943.0,240.0,703.0,2022-08-31,2021-08-06,2021-08-06,2021-08-06,2021-08-06,2021-08-06,2021-08-06,943.0,0.0,573.0,5.0,-17.0,20.0,942.0,8.0,934.0,2026-08-05,2026-07-02,2026-07-02,2026-07-02,2026-07-02,2026-07-02,2026-07-02,942.0,0.0
2021-08-01,633.0,3.0,-25.0,14.0,235.0,-8.0,243.0,2022-08-31,2021-09-03,2021-09-03,2021-09-03,2021-09-03,2021-09-03,2021-09-03,235.0,0.0,597.0,-4.0,-27.0,128.0,552.0,97.0,455.0,2026-08-05,2026-07-02,2026-07-02,2026-07-02,2026-07-02,2026-07-02,2026-07-02,552.0,0.0
2021-09-01,336.0,0.0,-22.0,-101.0,194.0,-123.0,317.0,2022-08-31,2021-10-08,2021-10-08,2021-10-08,2021-10-08,2021-10-08,2021-10-08,194.0,0.0,714.0,-1.0,-16.0,-17.0,457.0,-34.0,491.0,2026-08-05,2026-07-02,2026-07-02,2026-07-02,2026-07-02,2026-07-02,2026-07-02,457.0,0.0
2021-10-01,306.0,-3.0,-25.0,-45.0,531.0,-73.0,604.0,2022-08-31,2021-11-05,2021-11-05,2021-11-05,2021-11-05,2021-11-05,2021-11-05,531.0,0.0,679.0,-9.0,-5.0,-61.0,801.0,-75.0,876.0,2026-08-05,2026-07-02,2026-07-02,2026-07-02,2026-07-02,2026-07-02,2026-07-02,801.0,0.0
2021-11-01,500.0,2.0,-9.0,-18.0,210.0,-25.0,235.0,2022-08-31,2021-12-03,2021-12-03,2021-12-03,2021-12-03,2021-12-03,2021-12-03,210.0,0.0,858.0,11.0,-8.0,16.0,658.0,19.0,639.0,2026-08-05,2026-07-02,2026-07-02,2026-07-02,2026-07-02,2026-07-02,2026-07-02,658.0,0.0
2021-12-01,366.0,-2.0,0.0,-10.0,199.0,-12.0,211.0,2022-08-31,2022-01-07,2022-01-07,2022-01-07,2022-01-07,2022-01-07,2022-01-07,199.0,0.0,947.0,-7.0,-3.0,26.0,586.0,16.0,570.0,2026-08-05,2026-07-02,2026-07-02,2026-07-02,2026-07-02,2026-07-02,2026-07-02,586.0,0.0
2022-01-01,372.0,-1.0,-9.0,33.0,467.0,23.0,444.0,2022-08-31,2022-02-04,2022-02-04,2022-02-04,2022-02-04,2022-02-04,2022-02-04,467.0,0.0,471.0,-3.0,-32.0,22.0,190.0,-13.0,203.0,2026-08-05,2026-07-02,2026-07-02,2026-07-02,2026-07-02,2026-07-02,2026-07-02,190.0,0.0
2022-02-01,375.0,0.0,3.0,21.0,678.0,24.0,654.0,2022-08-31,2022-03-04,2022-03-04,2022-03-04,2022-03-04,2022-03-04,2022-03-04,678.0,0.0,584.0,-5.0,-20.0,8.0,819.0,-17.0,836.0,2026-08-05,2026-07-02,2026-07-02,2026-07-02,2026-07-02,2026-07-02,2026-07-02,819.0,0.0
2022-03-01,425.0,-1.0,-14.0,20.0,431.0,5.0,426.0,2022-08-31,2022-04-01,2022-04-01,2022-04-01,2022-04-01,2022-04-01,2022-04-01,431.0,0.0,598.0,-7.0,-17.0,25.0,490.0,1.0,489.0,2026-08-05,2026-07-02,2026-07-02,2026-07-02,2026-07-02,2026-07-02,2026-07-02,490.0,0.0
2022-04-01,457.0,-6.0,7.0,21.0,428.0,22.0,406.0,2022-08-31,2022-05-06,2022-05-06,2022-05-06,2022-05-06,2022-05-06,2022-05-06,428.0,0.0,685.0,-1.0,16.0,21.0,308.0,36.0,272.0,2026-08-05,2026-07-02,2026-07-02,2026-07-02,2026-07-02,2026-07-02,2026-07-02,308.0,0.0
2022-05-01,358.0,5.0,36.0,16.0,390.0,57.0,333.0,2022-08-31,2022-06-03,2022-06-03,2022-06-03,2022-06-03,2022-06-03,2022-06-03,390.0,0.0,303.0,-4.0,32.0,28.0,301.0,56.0,245.0,2026-08-05,2026-07-02,2026-07-02,2026-07-02,2026-07-02,2026-07-02,2026-07-02,301.0,0.0
2022-06-01,380.0,-13.0,-1.0,5.0,372.0,-9.0,381.0,2022-08-31,2022-07-08,2022-07-08,2022-07-08,2022-07-08,2022-07-08,2022-07-08,372.0,0.0,538.0,-9.0,7.0,19.0,434.0,17.0,417.0,2026-08-05,2026-07-02,2026-07-02,2026-07-02,2026-07-02,2026-07-02,2026-07-02,434.0,0.0
2022-07-01,268.0,10.0,10.0,37.0,528.0,57.0,471.0,2022-08-31,2022-08-05,2022-08-05,2022-08-05,2022-08-05,2022-08-05,2022-08-05,528.0,0.0,409.0,9.0,30.0,125.0,714.0,164.0,550.0,2026-08-05,2026-07-02,2026-07-02,2026-07-02,2026-07-02,2026-07-02,2026-07-02,714.0,0.0
2022-08-01,132.0,-2.0,3.0,6.0,315.0,7.0,308.0,2022-08-31,2022-09-02,2022-09-02,2022-09-02,2022-09-02,2022-09-02,2022-09-02,315.0,0.0,365.0,-1.0,7.0,-6.0,290.0,0.0,290.0,2026-08-05,2026-07-02,2026-07-02,2026-07-02,2026-07-02,2026-07-02,2026-07-02,290.0,0.0
2022-09-01,208.0,2.0,-16.0,-11.0,263.0,-25.0,288.0,2022-10-05,2022-10-07,2022-10-07,2022-10-07,2022-10-07,2022-10-07,2022-10-07,263.0,0.0,339.0,4.0,5.0,-18.0,220.0,-9.0,229.0,2026-08-05,2026-07-02,2026-07-02,2026-07-02,2026-07-02,2026-07-02,2026-07-02,220.0,0.0
2022-10-01,239.0,6.0,-7.0,29.0,261.0,28.0,233.0,2022-11-02,2022-11-04,2022-11-04,2022-11-04,2022-11-04,2022-11-04,2022-11-04,261.0,0.0,251.0,5.0,-9.0,0.0,357.0,-4.0,361.0,2026-08-05,2026-07-02,2026-07-02,2026-07-02,2026-07-02,2026-07-02,2026-07-02,357.0,0.0
2022-11-01,127.0,-1.0,11.0,32.0,263.0,42.0,221.0,2022-11-30,2022-12-02,2022-12-02,2022-12-02,2022-12-02,2022-12-02,2022-12-02,263.0,0.0,269.0,7.0,23.0,56.0,303.0,86.0,217.0,2026-08-05,2026-07-02,2026-07-02,2026-07-02,2026-07-02,2026-07-02,2026-07-02,303.0,0.0
2022-12-01,235.0,1.0,-19.0,21.0,223.0,3.0,220.0,2023-01-05,2023-01-06,2023-01-06,2023-01-06,2023-01-06,2023-01-06,2023-01-06,223.0,0.0,191.0,-3.0,-30.0,19.0,100.0,-14.0,114.0,2026-08-05,2026-07-02,2026-07-02,2026-07-02,2026-07-02,2026-07-02,2026-07-02,100.0,0.0
2023-01-01,106.0,5.0,39.0,30.0,517.0,74.0,443.0,2023-02-01,2023-02-03,2023-02-03,2023-02-03,2023-02-03,2023-02-03,2023-02-03,517.0,0.0,187.0,6.0,66.0,47.0,434.0,119.0,315.0,2026-08-05,2026-07-02,2026-07-02,2026-07-02,2026-07-02,2026-07-02,2026-07-02,434.0,0.0
2023-02-01,242.0,7.0,2.0,37.0,311.0,46.0,265.0,2023-03-08,2023-03-10,2023-03-10,2023-03-10,2023-03-10,2023-03-10,2023-03-10,311.0,0.0,150.0,7.0,19.0,28.0,290.0,54.0,236.0,2026-08-05,2026-07-02,2026-07-02,2026-07-02,2026-07-02,2026-07-02,2026-07-02,290.0,0.0
2023-03-01,145.0,8.0,13.0,26.0,236.0,47.0,189.0,2023-04-05,2023-04-07,2023-04-07,2023-04-07,2023-04-07,2023-04-07,2023-04-07,236.0,0.0,76.0,6.0,14.0,22.0,68.0,42.0,26.0,2026-08-05,2026-07-02,2026-07-02,2026-07-02,2026-07-02,2026-07-02,2026-07-02,68.0,0.0
2023-04-01,296.0,3.0,3.0,17.0,253.0,23.0,230.0,2023-05-03,2023-05-05,2023-05-05,2023-05-05,2023-05-05,2023-05-05,2023-05-05,253.0,0.0,91.0,11.0,20.0,31.0,241.0,62.0,179.0,2026-08-05,2026-07-02,2026-07-02,2026-07-02,2026-07-02,2026-07-02,2026-07-02,241.0,0.0
2023-05-01,278.0,7.0,19.0,30.0,339.0,56.0,283.0,2023-06-01,2023-06-02,2023-06-02,2023-06-02,2023-06-02,2023-06-02,2023-06-02,339.0,0.0,360.0,11.0,26.0,43.0,280.0,80.0,200.0,2026-08-05,2026-07-02,2026-07-02,2026-07-02,2026-07-02,2026-07-02,2026-07-02,280.0,0.0
2023-06-01,497.0,1.0,27.0,32.0,209.0,60.0,149.0,2023-07-06,2023-07-07,2023-07-07,2023-07-07,2023-07-07,2023-07-07,2023-07-07,209.0,0.0,483.0,10.0,17.0,43.0,225.0,70.0,155.0,2026-08-05,2026-07-02,2026-07-02,2026-07-02,2026-07-02,2026-07-02,2026-07-02,225.0,0.0
2023-07-01,324.0,7.0,-11.0,19.0,187.0,15.0,172.0,2023-08-02,2023-08-04,2023-08-04,2023-08-04,2023-08-04,2023-08-04,2023-08-04,187.0,0.0,269.0,5.0,3.0,37.0,163.0,45.0,118.0,2026-08-05,2026-07-02,2026-07-02,2026-07-02,2026-07-02,2026-07-02,2026-07-02,163.0,0.0
2023-08-01,177.0,10.0,0.0,-2.0,187.0,8.0,179.0,2023-08-30,2023-09-01,2023-09-01,2023-09-01,2023-09-01,2023-09-01,2023-09-01,187.0,0.0,116.0,16.0,22.0,32.0,218.0,70.0,148.0,2026-08-05,2026-07-02,2026-07-02,2026-07-02,2026-07-02,2026-07-02,2026-07-02,218.0,0.0
2023-09-01,89.0,6.0,29.0,38.0,336.0,73.0,263.0,2023-10-04,2023-10-06,2023-10-06,2023-10-06,2023-10-06,2023-10-06,2023-10-06,336.0,0.0,37.0,5.0,17.0,19.0,156.0,41.0,115.0,2026-08-05,2026-07-02,2026-07-02,2026-07-02,2026-07-02,2026-07-02,2026-07-02,156.0,0.0
2023-10-01,113.0,3.0,10.0,38.0,150.0,51.0,99.0,2023-11-01,2023-11-03,2023-11-03,2023-11-03,2023-11-03,2023-11-03,2023-11-03,150.0,0.0,-29.0,5.0,24.0,16.0,159.0,45.0,114.0,2026-08-05,2026-07-02,2026-07-02,2026-07-02,2026-07-02,2026-07-02,2026-07-02,159.0,0.0
2023-11-01,103.0,0.0,17.0,32.0,199.0,49.0,150.0,2023-12-06,2023-12-08,2023-12-08,2023-12-08,2023-12-08,2023-12-08,2023-12-08,199.0,0.0,105.0,4.0,2.0,37.0,127.0,43.0,84.0,2026-08-05,2026-07-02,2026-07-02,2026-07-02,2026-07-02,2026-07-02,2026-07-02,127.0,0.0
2023-12-01,164.0,7.0,8.0,37.0,216.0,52.0,164.0,2024-01-04,2024-01-05,2024-01-05,2024-01-05,2024-01-05,2024-01-05,2024-01-05,216.0,0.0,282.0,4.0,9.0,42.0,154.0,55.0,99.0,2026-08-05,2026-07-02,2026-07-02,2026-07-02,2026-07-02,2026-07-02,2026-07-02,154.0,0.0
2024-01-01,107.0,11.0,10.0,15.0,353.0,36.0,317.0,2024-01-31,2024-02-02,2024-02-02,2024-02-02,2024-02-02,2024-02-02,2024-02-02,353.0,0.0,240.0,7.0,16.0,26.0,175.0,49.0,126.0,2026-08-05,2026-07-02,2026-07-02,2026-07-02,2026-07-02,2026-07-02,2026-07-02,175.0,0.0
2024-02-01,140.0,9.0,5.0,38.0,275.0,52.0,223.0,2024-03-06,2024-03-08,2024-03-08,2024-03-08,2024-03-08,2024-03-08,2024-03-08,275.0,0.0,-107.0,9.0,17.0,45.0,206.0,71.0,135.0,2026-08-05,2026-07-02,2026-07-02,2026-07-02,2026-07-02,2026-07-02,2026-07-02,206.0,0.0
2024-03-01,184.0,9.0,13.0,49.0,303.0,71.0,232.0,2024-04-03,2024-04-05,2024-04-05,2024-04-05,2024-04-05,2024-04-05,2024-04-05,303.0,0.0,-103.0,9.0,8.0,68.0,228.0,85.0,143.0,2026-08-05,2026-07-02,2026-07-02,2026-07-02,2026-07-02,2026-07-02,2026-07-02,228.0,0.0
2024-04-01,192.0,2.0,6.0,0.0,175.0,8.0,167.0,2024-05-01,2024-05-03,2024-05-03,2024-05-03,2024-05-03,2024-05-03,2024-05-03,175.0,0.0,44.0,3.0,8.0,-10.0,64.0,1.0,63.0,2026-08-05,2026-07-02,2026-07-02,2026-07-02,2026-07-02,2026-07-02,2026-07-02,64.0,0.0
2024-05-01,152.0,4.0,5.0,34.0,272.0,43.0,229.0,2024-06-05,2024-06-07,2024-06-07,2024-06-07,2024-06-07,2024-06-07,2024-06-07,272.0,0.0,201.0,9.0,-1.0,25.0,78.0,33.0,45.0,2026-08-05,2026-07-02,2026-07-02,2026-07-02,2026-07-02,2026-07-02,2026-07-02,78.0,0.0
2024-06-01,150.0,5.0,26.0,39.0,206.0,70.0,136.0,2024-07-03,2024-07-05,2024-07-05,2024-07-05,2024-07-05,2024-07-05,2024-07-05,206.0,0.0,104.0,4.0,3.0,2.0,87.0,9.0,78.0,2026-08-05,2026-07-02,2026-07-02,2026-07-02,2026-07-02,2026-07-02,2026-07-02,87.0,0.0
2024-07-01,122.0,1.0,7.0,9.0,114.0,17.0,97.0,2024-07-31,2024-08-02,2024-08-02,2024-08-02,2024-08-02,2024-08-02,2024-08-02,114.0,0.0,120.0,2.0,20.0,39.0,53.0,61.0,-8.0,2026-08-05,2026-07-02,2026-07-02,2026-07-02,2026-07-02,2026-07-02,2026-07-02,53.0,0.0
2024-08-01,99.0,1.0,1.0,22.0,142.0,24.0,118.0,2024-09-05,2024-09-06,2024-09-06,2024-09-06,2024-09-06,2024-09-06,2024-09-06,142.0,0.0,46.0,4.0,25.0,7.0,9.0,36.0,-27.0,2026-08-05,2026-07-02,2026-07-02,2026-07-02,2026-07-02,2026-07-02,2026-07-02,9.0,0.0
2024-09-01,143.0,2.0,13.0,16.0,254.0,31.0,223.0,2024-10-02,2024-10-04,2024-10-04,2024-10-04,2024-10-04,2024-10-04,2024-10-04,254.0,0.0,-21.0,1.0,11.0,1.0,155.0,13.0,142.0,2026-08-05,2026-07-02,2026-07-02,2026-07-02,2026-07-02,2026-07-02,2026-07-02,155.0,0.0
2024-10-01,233.0,1.0,18.0,21.0,12.0,40.0,-28.0,2024-10-30,2024-11-01,2024-11-01,2024-11-01,2024-11-01,2024-11-01,2024-11-01,12.0,0.0,-12.0,1.0,13.0,23.0,33.0,37.0,-4.0,2026-08-05,2026-07-02,2026-07-02,2026-07-02,2026-07-02,2026-07-02,2026-07-02,33.0,0.0
2024-11-01,146.0,-2.0,20.0,15.0,227.0,33.0,194.0,2024-12-04,2024-12-06,2024-12-06,2024-12-06,2024-12-06,2024-12-06,2024-12-06,227.0,0.0,102.0,-4.0,10.0,12.0,134.0,18.0,116.0,2026-08-05,2026-07-02,2026-07-02,2026-07-02,2026-07-02,2026-07-02,2026-07-02,134.0,0.0
2024-12-01,122.0,6.0,10.0,17.0,256.0,33.0,223.0,2025-01-08,2025-01-10,2025-01-10,2025-01-10,2025-01-10,2025-01-10,2025-01-10,256.0,0.0,157.0,0.0,13.0,12.0,237.0,25.0,212.0,2026-08-05,2026-07-02,2026-07-02,2026-07-02,2026-07-02,2026-07-02,2026-07-02,237.0,0.0
2025-01-01,183.0,9.0,2.0,21.0,143.0,32.0,111.0,2025-02-05,2025-02-07,2025-02-07,2025-02-07,2025-02-07,2025-02-07,2025-02-07,143.0,0.0,140.0,1.0,10.0,17.0,-48.0,28.0,-76.0,2026-08-05,2026-07-02,2026-07-02,2026-07-02,2026-07-02,2026-07-02,2026-07-02,-48.0,0.0
2025-02-01,77.0,-10.0,1.0,20.0,151.0,11.0,140.0,2025-03-05,2025-03-07,2025-03-07,2025-03-07,2025-03-07,2025-03-07,2025-03-07,151.0,0.0,14.0,-13.0,0.0,15.0,42.0,2.0,40.0,2026-08-05,2026-07-02,2026-07-02,2026-07-02,2026-07-02,2026-07-02,2026-07-02,42.0,0.0
2025-03-01,155.0,-4.0,6.0,17.0,228.0,19.0,209.0,2025-04-02,2025-04-04,2025-04-04,2025-04-04,2025-04-04,2025-04-04,2025-04-04,228.0,0.0,-53.0,-9.0,-2.0,11.0,67.0,0.0,67.0,2026-08-05,2026-07-02,2026-07-02,2026-07-02,2026-07-02,2026-07-02,2026-07-02,67.0,0.0
2025-04-01,62.0,-9.0,6.0,13.0,177.0,10.0,167.0,2025-04-30,2025-05-02,2025-05-02,2025-05-02,2025-05-02,2025-05-02,2025-05-02,177.0,0.0,-23.0,-12.0,-1.0,22.0,108.0,9.0,99.0,2026-08-05,2026-07-02,2026-07-02,2026-07-02,2026-07-02,2026-07-02,2026-07-02,108.0,0.0
2025-05-01,37.0,-22.0,0.0,21.0,139.0,-1.0,140.0,2025-06-04,2025-06-06,2025-06-06,2025-06-06,2025-06-06,2025-06-06,2025-06-06,139.0,0.0,-24.0,-24.0,-7.0,24.0,13.0,-7.0,20.0,2026-08-05,2026-07-02,2026-07-02,2026-07-02,2026-07-02,2026-07-02,2026-07-02,13.0,0.0
2025-06-01,-33.0,-7.0,47.0,33.0,147.0,73.0,74.0,2025-07-02,2025-07-03,2025-07-03,2025-07-03,2025-07-03,2025-07-03,2025-07-03,147.0,0.0,-1.0,-8.0,1.0,32.0,-20.0,25.0,-45.0,2026-08-05,2026-07-02,2026-07-02,2026-07-02,2026-07-02,2026-07-02,2026-07-02,-20.0,0.0
2025-07-01,104.0,-12.0,5.0,-3.0,73.0,-10.0,83.0,2025-07-30,2025-08-01,2025-08-01,2025-08-01,2025-08-01,2025-08-01,2025-08-01,73.0,0.0,77.0,-9.0,-12.0,20.0,64.0,-1.0,65.0,2026-08-05,2026-07-02,2026-07-02,2026-07-02,2026-07-02,2026-07-02,2026-07-02,64.0,0.0
2025-08-01,54.0,-15.0,-13.0,12.0,22.0,-16.0,38.0,2025-09-04,2025-09-05,2025-09-05,2025-09-05,2025-09-05,2025-09-05,2025-09-05,22.0,0.0,49.0,-19.0,-17.0,-14.0,-70.0,-50.0,-20.0,2026-08-05,2026-07-02,2026-07-02,2026-07-02,2026-07-02,2026-07-02,2026-07-02,-70.0,0.0
2025-09-01,-32.0,-3.0,16.0,9.0,119.0,22.0,97.0,2025-10-01,2025-11-20,2025-11-20,2025-11-20,2025-11-20,2025-11-20,2025-11-20,119.0,0.0,88.0,-2.0,10.0,0.0,76.0,8.0,68.0,2026-08-05,2026-07-02,2026-07-02,2026-07-02,2026-07-02,2026-07-02,2026-07-02,76.0,0.0
2025-10-01,42.0,-162.0,-12.0,17.0,-105.0,-157.0,52.0,2025-11-05,2025-12-16,2025-12-16,2025-12-16,2025-12-16,2025-12-16,2025-12-16,-105.0,0.0,20.0,-166.0,-4.0,17.0,-140.0,-153.0,13.0,2026-08-05,2026-07-02,2026-07-02,2026-07-02,2026-07-02,2026-07-02,2026-07-02,-140.0,0.0
2025-11-01,-32.0,-6.0,3.0,-2.0,64.0,-5.0,69.0,2025-12-03,2025-12-16,2025-12-16,2025-12-16,2025-12-16,2025-12-16,2025-12-16,64.0,0.0,74.0,-15.0,-12.0,-4.0,41.0,-31.0,72.0,2026-08-05,2026-07-02,2026-07-02,2026-07-02,2026-07-02,2026-07-02,2026-07-02,41.0,0.0
2025-12-01,41.0,2.0,-7.0,18.0,50.0,13.0,37.0,2026-01-07,2026-01-09,2026-01-09,2026-01-09,2026-01-09,2026-01-09,2026-01-09,50.0,0.0,37.0,-11.0,-5.0,6.0,-17.0,-10.0,-7.0,2026-08-05,2026-07-02,2026-07-02,2026-07-02,2026-07-02,2026-07-02,2026-07-02,-17.0,0.0
2026-01-01,22.0,-34.0,-18.0,10.0,130.0,-42.0,172.0,2026-02-04,2026-02-11,2026-02-11,2026-02-11,2026-02-11,2026-02-11,2026-02-11,130.0,0.0,11.0,-37.0,3.0,14.0,160.0,-20.0,180.0,2026-08-05,2026-07-02,2026-07-02,2026-07-02,2026-07-02,2026-07-02,2026-07-02,160.0,0.0
2026-02-01,63.0,-10.0,5.0,-1.0,-92.0,-6.0,-86.0,2026-03-04,2026-03-06,2026-03-06,2026-03-06,2026-03-06,2026-03-06,2026-03-06,-92.0,0.0,66.0,4.0,-6.0,-6.0,-156.0,-8.0,-148.0,2026-08-05,2026-07-02,2026-07-02,2026-07-02,2026-07-02,2026-07-02,2026-07-02,-156.0,0.0
2026-03-01,62.0,-18.0,-4.0,14.0,178.0,-8.0,186.0,2026-04-01,2026-04-03,2026-04-03,2026-04-03,2026-04-03,2026-04-03,2026-04-03,178.0,0.0,61.0,-7.0,-4.0,23.0,214.0,12.0,202.0,2026-08-05,2026-07-02,2026-07-02,2026-07-02,2026-07-02,2026-07-02,2026-07-02,214.0,0.0
2026-04-01,109.0,-9.0,1.0,0.0,115.0,-8.0,123.0,2026-05-06,2026-05-08,2026-05-08,2026-05-08,2026-05-08,2026-05-08,2026-05-08,115.0,0.0,105.0,-1.0,0.0,-1.0,148.0,-2.0,150.0,2026-08-05,2026-07-02,2026-07-02,2026-07-02,2026-07-02,2026-07-02,2026-07-02,148.0,0.0
2026-05-01,122.0,1.0,-4.0,55.0,172.0,52.0,120.0,2026-06-03,2026-06-05,2026-06-05,2026-06-05,2026-06-05,2026-06-05,2026-06-05,172.0,0.0,122.0,3.0,-4.0,33.0,129.0,32.0,97.0,2026-08-05,2026-07-02,2026-07-02,2026-07-02,2026-07-02,2026-07-02,2026-07-02,129.0,0.0
2026-06-01,98.0,2.0,4.0,2.0,57.0,8.0,49.0,2026-07-01,2026-07-02,2026-07-02,2026-07-02,2026-07-02,2026-07-02,2026-07-02,57.0,0.0,95.0,2.0,4.0,2.0,57.0,8.0,49.0,2026-08-05,2026-07-02,2026-07-02,2026-07-02,2026-07-02,2026-07-02,2026-07-02,57.0,0.0
2026-07-01,44.0,,,,,,,2026-08-05,,,,,,,,,44.0,,,,,,,2026-08-05,,,,,,,,
