Date,KOFR,CD91,WorkbookComp,basis_bp,d_cd_bp,d_kofr_bp,d_basis_bp,ou_phi,ou_theta,ou_half_life_bd,ou_resid_std_bp,ou_stationary_std_bp,ou_z,kofr_abs_avg,cd_abs_sum,kofr_abs_sum,vol_regime,kofr_driven,event_window,short_signal,long_signal
2025-06-02,2.591,2.59,2.590999999998178,-0.1000000000000334,,,,,,,,,,,,,False,False,False,False,False
2025-06-04,2.561,2.58,2.581121197277344,1.9000000000000128,-0.9999999999999787,-3.000000000000025,2.000000000000046,,,,,,,,,,False,False,False,False,False
2025-06-05,2.513,2.58,2.542499441850508,6.700000000000017,0.0,-4.800000000000004,4.800000000000004,,,,,,,,,,False,False,False,False,False
2025-06-09,2.482,2.57,2.5350882903364265,8.799999999999963,-1.000000000000023,-3.0999999999999694,2.0999999999999464,,,,,,,3.633333333333333,2.0000000000000018,10.899999999999999,True,True,False,False,False
2025-06-10,2.562,2.56,2.5382366512868044,-0.19999999999997797,-0.9999999999999787,7.999999999999963,-8.999999999999941,,,,,,,5.2999999999999785,2.0000000000000018,15.899999999999936,True,True,False,False,False
2025-06-11,2.552,2.57,2.5397727073067977,1.7999999999999794,0.9999999999999787,-0.9999999999999787,1.9999999999999574,,,,,,,4.033333333333304,2.9999999999999805,12.09999999999991,True,True,False,False,False
2025-06-12,2.552,2.56,2.541045711498198,0.8000000000000007,-0.9999999999999787,0.0,-0.9999999999999787,,,,,,,2.9999999999999805,2.999999999999936,8.999999999999941,True,True,False,False,False
2025-06-13,2.542,2.56,2.541667341149023,1.8000000000000238,0.0,-1.000000000000023,1.000000000000023,,,,,,,0.6666666666666673,1.9999999999999574,2.0000000000000018,False,False,False,False,False
2025-06-16,2.561,2.56,2.543122630626571,-0.09999999999998899,0.0,1.9000000000000128,-1.9000000000000128,,,,,,,0.9666666666666787,0.9999999999999787,2.900000000000036,False,True,False,False,False
2025-06-17,2.561,2.56,2.5444072505547353,-0.09999999999998899,0.0,0.0,0.0,,,,,,,0.9666666666666787,0.0,2.900000000000036,False,True,False,False,False
2025-06-18,2.543,2.56,2.544491315336236,1.6999999999999904,0.0,-1.7999999999999794,1.7999999999999794,,,,,,,1.2333333333333307,0.0,3.699999999999992,False,True,False,False,False
2025-06-19,2.55,2.56,2.5449652433250494,1.000000000000023,0.0,0.6999999999999673,-0.6999999999999673,,,,,,,0.8333333333333156,0.0,2.4999999999999467,False,True,False,False,False
2025-06-20,2.523,2.56,2.542279707787732,3.699999999999992,0.0,-2.699999999999969,2.699999999999969,,,,,,,1.7333333333333052,0.0,5.199999999999916,False,True,False,False,False
2025-06-23,2.552,2.57,2.5428912103029786,1.7999999999999794,0.9999999999999787,2.8999999999999915,-1.9000000000000128,,,,,,,2.099999999999976,0.9999999999999787,6.299999999999928,True,True,False,False,False
2025-06-24,2.543,2.57,2.543065403769966,2.699999999999969,0.0,-0.8999999999999897,0.8999999999999897,,,,,,,2.16666666666665,0.9999999999999787,6.49999999999995,True,True,False,False,False
2025-06-25,2.534,2.57,2.5428568737475055,3.600000000000003,0.0,-0.9000000000000341,0.9000000000000341,,,,,,,1.5666666666666718,0.9999999999999787,4.700000000000015,False,True,False,False,False
2025-06-26,2.533,2.57,2.5426320074058673,3.699999999999992,0.0,-0.09999999999998899,0.09999999999998899,,,,,,,0.6333333333333376,0.0,1.9000000000000128,False,True,False,False,False
2025-06-27,2.552,2.57,2.5441119046225036,1.7999999999999794,0.0,1.9000000000000128,-1.9000000000000128,,,,,,,0.9666666666666787,0.0,2.900000000000036,False,True,False,False,False
2025-06-30,2.533,2.56,2.5438992018111106,2.7000000000000135,-0.9999999999999787,-1.9000000000000128,0.9000000000000341,,,,,,,1.300000000000005,0.9999999999999787,3.9000000000000146,False,True,False,False,False
2025-07-01,2.581,2.54,2.5453097839528795,-4.0999999999999925,-2.0000000000000018,4.800000000000004,-6.800000000000006,,,,,,,2.8666666666666765,2.9999999999999805,8.60000000000003,True,True,False,False,False
2025-07-02,2.524,2.51,2.5447927037429707,-1.4000000000000234,-3.000000000000025,-5.699999999999994,2.699999999999969,,,,,,,4.133333333333337,6.000000000000005,12.400000000000011,True,True,False,False,False
2025-07-03,2.519,2.51,2.544156819009196,-0.9000000000000341,0.0,-0.49999999999998934,0.49999999999998934,,,,,,,3.6666666666666625,5.000000000000027,10.999999999999988,True,True,False,False,False
2025-07-04,2.484,2.51,2.5394754241991984,2.59999999999998,0.0,-3.500000000000014,3.500000000000014,,,,,,,3.2333333333333325,3.000000000000025,9.699999999999998,True,True,False,False,False
2025-07-07,2.495,2.51,2.5384087626376703,1.499999999999968,0.0,1.100000000000012,-1.100000000000012,,,,,,,1.7000000000000053,0.0,5.100000000000016,False,True,False,False,False
2025-07-08,2.494,2.5,2.5373772844117988,0.5999999999999783,-0.9999999999999787,-0.09999999999998899,-0.8999999999999897,,,,,,,1.5666666666666718,0.9999999999999787,4.700000000000015,False,True,False,False,False
2025-07-09,2.503,2.51,2.5366420415614805,0.6999999999999673,0.9999999999999787,0.8999999999999897,0.09999999999998899,,,,,,,0.699999999999997,1.9999999999999574,2.0999999999999908,False,False,False,False,False
2025-07-10,2.503,2.52,2.5359489159233872,1.6999999999999904,1.000000000000023,0.0,1.000000000000023,,,,,,,0.3333333333333262,2.9999999999999805,0.9999999999999787,False,False,False,False,False
2025-07-11,2.533,2.52,2.5362285310981947,-1.29999999999999,0.0,2.9999999999999805,-2.9999999999999805,,,,,,,1.29999999999999,2.0000000000000018,3.89999999999997,False,False,False,False,False
2025-07-14,2.503,2.51,2.5356256525861944,0.6999999999999673,-1.000000000000023,-2.9999999999999805,1.9999999999999574,,,,,,,1.999999999999987,2.000000000000046,5.999999999999961,False,True,False,False,False
2025-07-15,2.523,2.51,2.5355099932909813,-1.3000000000000345,0.0,2.0000000000000018,-2.0000000000000018,,,,,,,2.666666666666654,1.000000000000023,7.999999999999963,True,True,False,False,False
2025-07-16,2.492,2.51,2.534712367016846,1.7999999999999794,0.0,-3.100000000000014,3.100000000000014,,,,,,,2.699999999999999,1.000000000000023,8.099999999999996,True,True,False,False,False
2025-07-17,2.463,2.51,2.533320725235399,4.699999999999971,0.0,-2.8999999999999915,2.8999999999999915,,,,,,,2.666666666666669,0.0,8.000000000000007,True,True,False,False,False
2025-07-18,2.465,2.52,2.5296196574679235,5.500000000000016,1.000000000000023,0.19999999999997797,0.8000000000000451,,,,,,,2.066666666666661,1.000000000000023,6.199999999999983,True,True,False,False,False
2025-07-21,2.485,2.51,2.5288960419282214,2.499999999999991,-1.000000000000023,2.0000000000000018,-3.000000000000025,,,,,,,1.6999999999999904,2.000000000000046,5.099999999999971,False,True,False,False,False
2025-07-22,2.483,2.52,2.528164780533295,3.699999999999992,1.000000000000023,-0.19999999999997797,1.200000000000001,,,,,,,0.799999999999986,3.0000000000000693,2.3999999999999577,False,False,False,False,False
2025-07-23,2.474,2.51,2.5272912158196568,3.599999999999959,-1.000000000000023,-0.8999999999999897,-0.1000000000000334,,,,,,,1.0333333333333232,3.0000000000000693,3.0999999999999694,False,False,False,False,False
2025-07-24,2.485,2.51,2.5266620853949484,2.499999999999991,0.0,1.0999999999999677,-1.0999999999999677,,,,,,,0.7333333333333117,2.000000000000046,2.1999999999999353,False,False,False,False,False
2025-07-25,2.465,2.51,2.5238432443741834,4.499999999999993,0.0,-2.0000000000000018,2.0000000000000018,,,,,,,1.3333333333333197,1.000000000000023,3.999999999999959,False,True,False,False,False
2025-07-28,2.496,2.51,2.5235243279088007,1.399999999999979,0.0,3.100000000000014,-3.100000000000014,,,,,,,2.066666666666661,0.0,6.199999999999983,True,True,False,False,False
2025-07-29,2.493,2.51,2.523167434834552,1.6999999999999904,0.0,-0.30000000000001137,0.30000000000001137,,,,,,,1.800000000000009,0.0,5.400000000000027,False,True,False,False,False
2025-07-30,2.493,2.51,2.5228255372262267,1.6999999999999904,0.0,0.0,0.0,0.3563191375640692,1.9434978675607812,0.6717007848236707,2.2281407089990823,2.38465946786332,-0.10211012131596613,1.1333333333333417,0.0,3.4000000000000252,False,True,False,False,False
2025-07-31,2.496,2.51,2.522548089404854,1.399999999999979,0.0,0.30000000000001137,-0.30000000000001137,0.35644127468187237,1.937423688747673,0.6719239387875506,2.198770925747374,2.3533438987463042,-0.2283659812890056,0.2000000000000076,0.0,0.6000000000000227,False,True,False,False,False
2025-08-01,2.533,2.51,2.5235459649369356,-2.300000000000013,0.0,3.699999999999992,-3.699999999999992,0.3567854703550521,1.9202935822538232,0.6725531973161045,2.171579564680424,2.324567871399562,-1.81551747065699,1.3333333333333346,0.0,4.0000000000000036,False,True,False,False,False
2025-08-04,2.475,2.5,2.5229558776870395,2.499999999999991,-0.9999999999999787,-5.799999999999983,4.800000000000004,0.3652674999114847,1.769856499365463,0.688243229136538,2.23489359090627,2.400781335520787,0.30412744794025254,3.266666666666662,0.9999999999999787,9.799999999999986,True,True,False,False,False
2025-08-05,2.485,2.5,2.5225410668829524,1.5000000000000124,0.0,0.9999999999999787,-0.9999999999999787,0.3265190756450781,1.845593951840929,0.6192867635229545,2.2319258650028435,2.3613500138312338,-0.14635439465418287,3.4999999999999845,0.9999999999999787,10.499999999999954,True,True,False,False,False
2025-08-06,2.528,2.5,2.522795842726399,-2.8000000000000025,0.0,4.300000000000015,-4.300000000000015,0.32477015448120833,1.8265809887692397,0.6163293872204482,2.2068409797868833,2.333323511637598,-1.9828287700757643,3.699999999999992,0.9999999999999787,11.099999999999977,True,True,False,False,False
2025-08-07,2.529,2.5,2.5230606318025406,-2.8999999999999915,0.0,0.09999999999998899,-0.09999999999998899,0.3299518569463567,1.6771208622016844,0.6251279333207179,2.2850418318943118,2.4206009030567968,-1.890902732632038,1.7999999999999943,0.0,5.399999999999983,False,True,False,False,False
2025-08-08,2.474,2.5,2.5214490910081624,2.59999999999998,0.0,-5.499999999999972,5.499999999999972,0.384679752128243,1.5684679137590565,0.725547138484612,2.301992220349238,2.4938973721342217,0.41362250819413693,3.299999999999992,0.0,9.899999999999975,True,True,False,False,False
2025-08-11,2.534,2.5,2.5217984496105554,-3.399999999999981,0.0,5.999999999999961,-5.999999999999961,0.33971806351118294,1.657216219082512,0.6420174083004299,2.3094716477807276,2.4555072476131476,-2.059540334893457,3.8666666666666405,0.0,11.599999999999921,True,True,False,False,False
2025-08-12,2.514,2.5,2.5218614185914086,-1.399999999999979,0.0,-2.0000000000000018,2.0000000000000018,0.3199644197258034,1.4905690153168885,0.6082663606743156,2.414730983842646,2.5487182237147157,-1.134126553661907,4.499999999999978,0.0,13.499999999999934,True,True,False,False,False
2025-08-13,2.524,2.51,2.522062713788742,-1.4000000000000234,0.9999999999999787,1.000000000000023,-4.440892098500626e-14,0.3416525903399768,1.4494971158572805,0.6454119475803226,2.395935197971736,2.5493382689441613,-1.1177399055157387,2.999999999999995,0.9999999999999787,8.999999999999986,True,True,False,False,False
2025-08-14,2.513,2.5,2.522250411108824,-1.29999999999999,-0.9999999999999787,-1.100000000000012,0.1000000000000334,0.35895285012022693,1.3914413608969616,0.6765287683473059,2.385549743377241,2.5558849202858163,-1.0530369890816431,1.366666666666679,1.9999999999999574,4.100000000000037,False,True,False,False,False
2025-08-18,2.504,2.51,2.522187246392249,0.5999999999999783,0.9999999999999787,-0.8999999999999897,1.8999999999999684,0.3738462285541403,1.3388928991152895,0.7044817854633681,2.372844174800234,2.5583482146423075,-0.2888163913287381,1.0000000000000082,2.999999999999936,3.000000000000025,False,False,False,False,False
2025-08-19,2.492,2.52,2.5219751493486493,2.8000000000000025,1.000000000000023,-1.200000000000001,2.200000000000024,0.37182722395198536,1.3464296750429436,0.7006256699311282,2.3492463543508766,2.530692031105931,0.5743766159969446,1.0666666666666675,2.9999999999999805,3.200000000000003,False,False,False,False,False
2025-08-20,2.461,2.52,2.5213808777511186,5.900000000000016,0.0,-3.100000000000014,3.100000000000014,0.3680089210596229,1.3978994786189254,0.693391185544136,2.338440196998596,2.514932476000511,1.790147673682582,1.733333333333335,2.0000000000000018,5.200000000000005,False,True,False,False,False
2025-08-21,2.443,2.52,2.520579888960644,7.699999999999996,0.0,-1.7999999999999794,1.7999999999999794,0.3859477107407059,1.5198362007947452,0.7280549524503203,2.3792929707148263,2.5791216162911783,2.396228142235663,2.0333333333333314,1.000000000000023,6.099999999999994,False,True,False,False,False
2025-08-22,2.447,2.53,2.518440877836394,8.299999999999974,0.9999999999999787,0.40000000000000036,0.5999999999999783,0.4442085841215266,1.6769825794079187,0.8541964974223852,2.430128980051404,2.712429419111843,2.4417289437749474,1.7666666666666646,0.9999999999999787,5.299999999999994,False,True,False,False,False
2025-08-25,2.495,2.53,2.518335228456267,3.49999999999997,0.0,4.800000000000004,-4.800000000000004,0.5076282585442514,1.8385764367924644,1.022332117382053,2.4598782345594326,2.855090739566842,0.5819162032866132,2.333333333333328,0.9999999999999787,6.999999999999984,True,True,False,False,False
2025-08-26,2.495,2.53,2.518234030655951,3.49999999999997,0.0,0.0,0.0,0.48253560267391465,1.7746842168934698,0.9512098744567193,2.445990795529834,2.7926211010688355,0.6178123421205118,1.733333333333335,0.9999999999999787,5.200000000000005,False,True,False,False,False
2025-08-27,2.504,2.53,2.518241193140613,2.59999999999998,0.0,0.8999999999999897,-0.8999999999999897,0.4862864463576892,1.8053068347564252,0.9614259440571413,2.426914392509195,2.777427213328867,0.28612564946070385,1.899999999999998,0.0,5.699999999999994,False,True,False,False,False
2025-08-28,2.494,2.53,2.5181358380310166,3.599999999999959,0.0,-0.9999999999999787,0.9999999999999787,0.4861658724968089,1.8043154915235669,0.9610953677608177,2.4055345482482795,2.752748177215193,0.6523242929881763,0.6333333333333228,0.0,1.8999999999999684,False,True,False,False,False
2025-08-29,2.475,2.53,2.51720914096411,5.499999999999972,0.0,-1.9000000000000128,1.9000000000000128,0.49329029660406293,1.8178809861522698,0.9808814568968514,2.408875732739424,2.769253188803603,1.3296433235989098,1.2666666666666604,0.0,3.799999999999981,False,True,False,False,False
2025-09-01,2.523,2.53,2.51744419157552,0.6999999999999673,0.0,4.800000000000004,-4.800000000000004,0.5037030875517648,1.748849026340179,1.0107600250575177,2.3510015964154847,2.721454586852292,-0.3854001574773066,2.566666666666665,0.0,7.699999999999996,True,True,False,False,False
2025-09-02,2.495,2.53,2.517373088658216,3.49999999999997,0.0,-2.8000000000000025,2.8000000000000025,0.4251686812324867,1.5306594870309993,0.8104431986737337,2.2916262466339576,2.531864396810265,0.7778222702013652,3.166666666666673,0.0,9.50000000000002,True,True,False,False,False
2025-09-03,2.505,2.53,2.517412389761528,2.499999999999991,0.0,0.9999999999999787,-0.9999999999999787,0.5112553285792016,1.7605155087626057,1.0331815339480097,2.2077747301620274,2.568885916739381,0.2878619429608589,2.866666666666662,0.0,8.599999999999985,True,True,False,False,False
2025-09-04,2.504,2.56,2.517442090189067,5.600000000000005,3.000000000000025,-0.09999999999998899,3.100000000000014,0.5157841002887115,1.7194175615484066,1.0469441441353602,2.2034209849493585,2.571930831771209,1.5088206846446028,1.29999999999999,3.000000000000025,3.89999999999997,False,False,False,False,False
2025-09-05,2.524,2.57,2.5181491038646175,4.599999999999982,0.9999999999999787,2.0000000000000018,-1.000000000000023,0.5233431479177514,1.8774599561768437,1.0704679576685903,2.2460723710961177,2.635857657653716,1.03288583733561,1.0333333333333232,4.0000000000000036,3.0999999999999694,False,False,False,False,False
2025-09-08,2.56,2.56,2.51874667158462,0.0,-0.9999999999999787,3.600000000000003,-4.599999999999982,0.53212717100977,1.8895683419889764,1.098711512172995,2.2473666306227686,2.654377017132942,-0.7118688602985064,1.899999999999998,4.999999999999982,5.699999999999994,False,False,False,False,False
2025-09-09,2.524,2.54,2.518971636195709,1.6000000000000014,-2.0000000000000018,-3.600000000000003,1.6000000000000014,0.508842549709572,1.839044079637217,1.0259474627597573,2.274839200028004,2.6425205535095473,-0.09046063211116359,3.0666666666666695,3.999999999999959,9.200000000000008,True,True,False,False,False
2025-09-10,2.584,2.55,2.519792045133619,-3.4000000000000252,0.9999999999999787,6.000000000000005,-5.000000000000027,0.5009935584718097,1.895029994062597,1.002872185011429,2.2729404620102494,2.6263074745932933,-2.016150068217966,4.400000000000004,3.999999999999959,13.200000000000012,True,True,False,False,False
2025-09-11,2.584,2.54,2.520598173460192,-4.400000000000004,-0.9999999999999787,0.0,-0.9999999999999787,0.5084764627216123,1.6902389509971536,1.0248557219691208,2.3682882387079034,2.7503827114163326,-2.214324183219192,3.200000000000003,3.999999999999959,9.600000000000009,True,True,False,False,False
2025-09-12,2.55,2.54,2.521951421408255,-0.9999999999999787,0.0,-3.4000000000000252,3.4000000000000252,0.5513616781476316,1.5756538707229382,1.1642404516380127,2.4082185343520965,2.886630401097432,-0.8922700563756659,3.1333333333333435,1.9999999999999574,9.40000000000003,True,True,False,False,False
2025-09-15,2.532,2.54,2.5222195162967314,0.8000000000000007,0.0,-1.7999999999999794,1.7999999999999794,0.5454813141049552,1.5128710344216423,1.1436435537869765,2.3880597819522613,2.8492951847525525,-0.25019206091261864,1.733333333333335,0.9999999999999787,5.200000000000005,False,True,False,False,False
2025-09-16,2.542,2.56,2.5225783960171815,1.8000000000000238,2.0000000000000018,0.9999999999999787,1.000000000000023,0.5458685579446223,1.5711524466567568,1.1449842032853903,2.3864819094493437,2.848269496368492,0.08034617287270211,2.066666666666661,2.0000000000000018,6.199999999999983,True,True,False,False,False
2025-09-17,2.522,2.57,2.5227457264118462,4.800000000000004,0.9999999999999787,-2.0000000000000018,2.9999999999999805,0.5443028365345463,1.558050918045838,1.1395770617809222,2.384316345814304,2.8422316999546164,1.1406350446397218,1.5999999999999865,2.9999999999999805,4.79999999999996,False,False,False,False,False
2025-09-18,2.512,2.56,2.5228191691190083,4.800000000000004,-0.9999999999999787,-0.9999999999999787,0.0,0.5423498292461234,1.620713392192155,1.132882124089944,2.412136765083587,2.871069257301965,1.1073528093138114,1.3333333333333197,3.999999999999959,3.999999999999959,False,False,False,False,False
2025-09-19,2.514,2.57,2.52309026870763,5.600000000000005,0.9999999999999787,0.19999999999997797,0.8000000000000007,0.5480126324403848,1.637859259919139,1.152446890208746,2.416086311732091,2.888431324261902,1.3717275210250446,1.0666666666666529,2.999999999999936,3.1999999999999584,False,False,False,False,False
2025-09-22,2.534,2.56,2.5233604295502037,2.6000000000000245,-0.9999999999999787,2.0000000000000018,-2.9999999999999805,0.5672862224438843,1.7640980758753178,1.2227162053317766,2.4294235258284202,2.9500454918992625,0.2833522148794209,1.0666666666666529,2.999999999999936,3.1999999999999584,False,False,False,False,False
2025-09-23,2.552,2.58,2.5237865340703918,2.8000000000000025,2.0000000000000018,1.8000000000000238,0.19999999999997797,0.5563091123761215,1.6758409807448504,1.1819753147189864,2.4323561126214557,2.9271095315780076,0.3840508894961361,1.3333333333333346,3.999999999999959,4.0000000000000036,False,False,False,False,False
2025-09-24,2.552,2.58,2.5242067917655215,2.8000000000000025,0.0,0.0,0.0,0.5707378617464318,1.9504083744240466,1.23594143981283,2.2804133157766944,2.7771569206500724,0.3059213612520984,1.2666666666666753,2.9999999999999805,3.8000000000000256,False,False,False,False,False
2025-09-25,2.533,2.59,2.524456258208119,5.699999999999994,0.9999999999999787,-1.9000000000000128,2.8999999999999915,0.5728727073564767,1.9615785461973563,1.2442244841991164,2.280871789220589,2.7827578974560434,1.3434231764179874,1.2333333333333456,2.9999999999999805,3.7000000000000366,False,False,False,False,False
2025-09-26,2.543,2.58,2.525438091438053,3.699999999999992,-0.9999999999999787,1.000000000000023,-2.0000000000000018,0.5728418940640454,2.127982261443541,1.244104362422023,2.3168977056983797,2.8266367378852224,0.5561442393664539,0.9666666666666787,1.9999999999999574,2.900000000000036,False,False,False,False,False
2025-09-29,2.534,2.57,2.5256833072867235,3.600000000000003,-1.000000000000023,-0.9000000000000341,-0.09999999999998899,0.5829791810144883,2.0226738643480173,1.2845483598115963,2.298605417285625,2.8290977668471133,0.5575368070117408,1.26666666666669,2.9999999999999805,3.80000000000007,False,False,False,False,False
2025-09-30,2.544,2.57,2.526009266730624,2.59999999999998,0.0,1.000000000000023,-1.000000000000023,0.5863636803971528,2.0826597223285566,1.2984781126392984,2.297001296531925,2.8356363086588687,0.18244239435490328,0.9666666666666934,2.0000000000000018,2.9000000000000803,False,False,False,False,False
2025-10-01,2.572,2.56,2.5265627781072624,-1.200000000000001,-0.9999999999999787,2.8000000000000025,-3.799999999999981,0.5837582836579568,2.113642380094728,1.2877355154069487,2.292504549800289,2.8235335643314685,-1.1735799502986621,1.5666666666666866,2.0000000000000018,4.70000000000006,False,True,False,False,False
2025-10-02,2.535,2.55,2.528399403893486,1.499999999999968,-1.000000000000023,-3.699999999999992,2.699999999999969,0.5778335860712025,1.9898204258042937,1.2637846789994793,2.3397927011769855,2.866849826724808,-0.1708566738439572,2.5000000000000058,2.0000000000000018,7.500000000000018,True,True,False,False,False
2025-10-10,2.534,2.55,2.529040454726421,1.6000000000000014,0.0,-0.1000000000000334,0.1000000000000334,0.5697121846038783,2.0260202514025667,1.231990101874531,2.345708146937909,2.8542002339750843,-0.14926081440657754,2.2000000000000095,2.0000000000000018,6.600000000000028,True,True,False,False,False
2025-10-13,2.543,2.54,2.5293195168683096,-0.30000000000001137,-0.9999999999999787,0.9000000000000341,-1.9000000000000128,0.5676209967712779,2.144187774463264,1.2239900013091862,2.3080042114353008,2.8033915699390604,-0.8718681331114962,1.5666666666666866,2.0000000000000018,4.70000000000006,False,True,False,False,False
2025-10-14,2.542,2.54,2.529588293059629,-0.19999999999997797,0.0,-0.1000000000000334,0.1000000000000334,0.5736900012415985,2.0399032055167683,1.2474167228415871,2.3237732152062986,2.8370787405574736,-0.7895104120644234,0.3666666666667003,0.9999999999999787,1.100000000000101,False,False,False,False,False
2025-10-15,2.513,2.54,2.5296392001465646,2.7000000000000135,0.0,-2.8999999999999915,2.8999999999999915,0.5706629545720928,2.106137112693999,1.2356522493746602,2.3015566555141587,2.802728231050557,0.21188743194106077,1.3000000000000196,0.9999999999999787,3.900000000000059,False,True,False,False,False
2025-10-16,2.496,2.54,2.5295653816082195,4.400000000000004,0.0,-1.6999999999999904,1.6999999999999904,0.5732813370724912,2.1171036944022137,1.2458190601941483,2.305218448301547,2.813442685567666,0.8114244933115359,1.5666666666666718,0.0,4.700000000000015,False,True,False,False,False
2025-10-17,2.505,2.54,2.52954863354565,3.500000000000014,0.0,0.8999999999999897,-0.8999999999999897,0.5777064046428361,2.0845693859735697,1.2632776705929238,2.290459940088177,2.8060949276573344,0.5044129477145363,1.833333333333324,0.0,5.499999999999972,False,True,False,False,False
2025-10-20,2.513,2.54,2.5296041898801933,2.7000000000000135,0.0,0.8000000000000007,-0.8000000000000007,0.5670556672766718,2.0132282789861655,1.2218400613963596,2.276135688443217,2.7633755238756303,0.24852638198468646,1.1333333333333269,0.0,3.399999999999981,False,True,False,False,False
2025-10-21,2.532,2.54,2.5297953043159382,0.8000000000000007,0.0,1.9000000000000128,-1.9000000000000128,0.5782071348698639,2.065663837111144,1.265275539333124,2.2673249109501397,2.7789590286104713,-0.45544530310833614,1.200000000000001,0.0,3.600000000000003,False,True,False,False,False
2025-10-22,2.513,2.54,2.5298508113046534,2.7000000000000135,0.0,-1.9000000000000128,1.9000000000000128,0.5744571291682489,1.9455114484333962,1.250423793538644,2.269611397064583,2.7727736881133107,0.27210607010628296,1.533333333333342,0.0,4.600000000000026,False,True,False,False,False
2025-10-23,2.521,2.54,2.5299628668971703,1.9000000000000128,0.0,0.8000000000000007,-0.8000000000000007,0.5680690229981393,1.9765480296260205,1.2256976928390482,2.275591487905901,2.765059855809893,-0.02768404071440493,1.533333333333342,0.0,4.600000000000026,False,True,False,False,False
2025-10-24,2.522,2.54,2.530314086865143,1.8000000000000238,0.0,0.09999999999998899,-0.09999999999998899,0.5687478220782478,1.9730288589589442,1.2282915147309248,2.275893350523945,2.767003371524348,-0.06253294113754491,0.9333333333333341,0.0,2.8000000000000025,False,True,False,False,False
2025-10-27,2.541,2.54,2.530561250223013,-0.09999999999998899,0.0,1.9000000000000128,-1.9000000000000128,0.5661535797403404,1.8809593146831705,1.2184206228672794,2.2563817403277664,2.7373314907060102,-0.723682652762027,0.9333333333333341,0.0,2.8000000000000025,False,True,False,False,False
2025-10-28,2.542,2.55,2.530813075542177,0.8000000000000007,0.9999999999999787,0.09999999999998899,0.8999999999999897,0.578471164296168,1.8803648234168988,1.266330840899514,2.255694158839574,2.7653381440542146,-0.3906809103037916,0.699999999999997,0.9999999999999787,2.0999999999999908,False,True,False,False,False
2025-10-29,2.542,2.55,2.531062735531523,0.8000000000000007,0.0,0.0,0.0,0.5782840729871244,1.8790824061785396,1.2655829220694512,2.255673594823477,2.7648633202025437,-0.39028417726612585,0.6666666666666673,0.9999999999999787,2.0000000000000018,False,True,False,False,False
2025-10-30,2.494,2.56,2.5309890860209308,6.599999999999984,1.000000000000023,-4.79999999999996,5.799999999999983,0.5793997334191302,1.8637322215410352,1.2700524226115764,2.256445000891731,2.76849631893682,1.7107726479758543,1.6333333333333162,2.0000000000000018,4.899999999999949,False,True,False,False,False
2025-10-31,2.502,2.55,2.5309347066038863,4.800000000000004,-1.000000000000023,0.7999999999999563,-1.7999999999999794,0.5659356027703151,2.087793038145747,1.217596418115827,2.362344527835023,2.8653600672108555,0.9465501361908496,1.8666666666666387,2.000000000000046,5.599999999999916,False,True,False,False,False
2025-11-03,2.531,2.56,2.5311094968386563,2.8999999999999915,1.000000000000023,2.900000000000036,-1.9000000000000128,0.5625350765353347,2.247963943349221,1.2048409970906575,2.3011700147570178,2.7833139765765837,0.23426608070023092,2.8333333333333175,3.0000000000000693,8.499999999999952,True,True,False,False,False
2025-11-04,2.491,2.57,2.5310240169295937,7.899999999999974,0.9999999999999787,-4.0000000000000036,4.999999999999982,0.585426189999211,2.1095736658295676,1.2945975817834006,2.2714835664894597,2.8017904697483833,2.066687854317107,2.566666666666665,3.000000000000025,7.699999999999996,True,True,False,False,False
2025-11-05,2.499,2.57,2.5309922270175487,7.099999999999973,0.0,0.8000000000000007,-0.8000000000000007,0.5957066189624333,2.36830658467076,1.3381039311708256,2.373425681059665,2.9549545020040346,1.6012745414930087,2.56666666666668,2.0000000000000018,7.70000000000004,True,True,False,False,False
2025-11-06,2.499,2.58,2.530961934109134,8.099999999999996,1.000000000000023,0.0,1.000000000000023,0.6058784711820533,2.6342229759405673,1.3833178605086647,2.297377747235815,2.887759310715382,1.8927398151840422,1.6000000000000014,2.0000000000000018,4.800000000000004,False,True,False,False,False
2025-11-07,2.495,2.6,2.5308011853177317,10.499999999999998,2.0000000000000018,-0.40000000000000036,2.400000000000002,0.6088847462638196,2.8529610526248805,1.3971184525577416,2.305626221979059,2.9065249719968045,2.630990279131008,0.40000000000000036,3.000000000000025,1.200000000000001,False,False,False,False,False
2025-11-10,2.524,2.6,2.530933129039845,7.600000000000007,0.0,2.8999999999999915,-2.8999999999999915,0.6972615049430534,3.0050021818623054,1.9222331340610581,2.3264111643743455,3.2454750059662985,1.4158167324322375,1.0999999999999972,3.000000000000025,3.299999999999992,False,False,False,False,False
2025-11-11,2.532,2.6,2.5311141676253612,6.800000000000006,0.0,0.8000000000000007,-0.8000000000000007,0.6870816124396137,3.2924226412981605,1.8469041308205612,2.179808657734374,3.000093467361171,1.169156026924404,1.3666666666666643,2.0000000000000018,4.0999999999999925,False,True,False,False,False
2025-11-12,2.532,2.61,2.5312940814570544,7.799999999999985,0.9999999999999787,0.0,0.9999999999999787,0.6908657921993153,3.332638914194856,1.8743347911897426,2.1809223339429904,3.0165609050728532,1.480945098205215,1.2333333333333307,0.9999999999999787,3.699999999999992,False,True,False,False,False
2025-11-13,2.512,2.7,2.531350300334094,18.80000000000002,9.00000000000003,-2.0000000000000018,11.000000000000034,0.6934649614828373,3.5307268168834534,1.8935624560877835,2.188699068977017,3.0377909477543885,5.026439753665076,0.9333333333333341,10.000000000000009,2.8000000000000025,False,False,False,False,False
2025-11-14,2.532,2.72,2.5318792932725835,18.80000000000002,2.0000000000000018,2.0000000000000018,0.0,0.7896493735974076,4.797538013259692,2.934996607699344,2.6967277389602917,4.395226101586537,3.1858342808998796,1.3333333333333346,12.00000000000001,4.0000000000000036,False,False,False,False,False
2025-11-17,2.522,2.74,2.531994743207652,21.80000000000004,2.0000000000000018,-1.000000000000023,3.0000000000000213,0.854367258635856,5.6368118189609415,4.403894668819896,2.713256727764969,5.221117907449116,3.095733225633273,1.6666666666666756,13.000000000000034,5.000000000000027,False,False,False,False,False
2025-11-18,2.513,2.74,2.532056310080215,22.70000000000003,0.0,-0.8999999999999897,0.8999999999999915,0.9359149582919976,8.852221066133827,10.465653633989653,2.762706857211087,7.843561971421864,1.7654962100536458,1.300000000000005,4.0000000000000036,3.9000000000000146,False,False,False,False,False
2025-11-19,2.511,2.75,2.5321063466995026,23.899999999999988,0.9999999999999787,-0.19999999999997797,1.1999999999999567,0.962695832541206,11.782234369661895,18.232188785911337,2.745840975445697,10.14776042199667,1.194132017944685,0.699999999999997,2.9999999999999805,2.0999999999999908,False,False,False,False,False
2025-11-20,2.502,2.76,2.5321038713552952,25.8,0.9999999999999787,-0.9000000000000341,1.9000000000000128,0.9794608038050822,17.802302237775205,33.399759660888584,2.7446644195952157,13.612066979748327,0.5875446964905152,0.6666666666666673,1.9999999999999574,2.0000000000000018,False,False,False,False,False
2025-11-21,2.513,2.76,2.5322904115405733,24.69999999999999,0.0,1.100000000000012,-1.100000000000012,0.9985287707248782,206.31550789674108,470.78805318853506,2.7548204744586875,50.8040015609395,-3.5748268308923055,0.7333333333333414,1.9999999999999574,2.200000000000024,False,False,False,False,False
2025-11-24,2.523,2.76,2.5324116708031266,23.699999999999967,0.0,1.000000000000023,-1.0000000000000213,0.993693575656783,61.9822265210031,109.56434237437416,2.6761676624626776,23.866707954637324,-1.6040011296809311,1.000000000000023,0.9999999999999787,3.0000000000000693,False,True,False,False,False
2025-11-25,2.524,2.76,2.5325382758735833,23.599999999999977,0.0,0.09999999999998899,-0.09999999999999076,0.9848606218104045,27.979132237224654,45.436934261641426,2.6799663953937563,15.460029614128372,-0.2832551001857554,0.7333333333333414,0.0,2.200000000000024,False,True,False,False,False
2025-11-26,2.523,2.76,2.5326587639574574,23.699999999999967,0.0,-0.09999999999998899,0.09999999999999076,0.9830040874015342,26.649003347314256,40.43560553310932,2.6746628882684984,14.569176430037496,-0.2024138674876833,0.40000000000000036,0.0,1.200000000000001,False,True,False,False,False
2025-11-27,2.542,2.8,2.5328863483184185,25.8,4.0000000000000036,1.8999999999999684,2.1000000000000334,0.9838521753115149,27.16016447327921,42.57759789577897,2.6734992641060313,14.937172691903811,-0.09105903113890088,0.6999999999999821,4.0000000000000036,2.0999999999999464,False,False,False,False,False
2025-11-28,2.533,2.8,2.5334068556284937,26.69999999999999,0.0,-0.8999999999999897,0.8999999999999879,0.9945345855899088,69.35704179419005,126.47737760842303,2.678224884308967,25.651614607906378,-1.6629378869992164,0.966666666666649,4.0000000000000036,2.899999999999947,False,False,False,False,False
2025-12-01,2.532,2.8,2.533573949640071,26.79999999999998,0.0,-0.09999999999998899,0.09999999999999076,0.9960525020470413,118.38221243969619,175.24472169210253,2.589448367221143,29.171604631336848,-3.139430058685094,0.966666666666649,4.0000000000000036,2.899999999999947,False,False,False,False,False
2025-12-02,2.532,2.8,2.5337401940607216,26.79999999999998,0.0,0.0,0.0,0.9983208819225244,242.38020429574883,412.457640040767,2.570671264483793,44.37857071632054,-4.857754560726934,0.3333333333333262,0.0,0.9999999999999787,False,True,False,False,False
2025-12-03,2.514,2.81,2.5338070626754465,29.600000000000026,1.000000000000023,-1.8000000000000238,2.800000000000047,0.9956737019106036,102.78324238976457,159.87033305001782,2.564234648939413,27.596549065040453,-2.651898330377609,0.6333333333333376,1.000000000000023,1.9000000000000128,False,False,False,False,False
2025-12-04,2.505,2.81,2.5338251465980224,30.500000000000014,0.0,-0.8999999999999897,0.8999999999999879,1.0076063130452662,-45.48430110145981,,2.558305808328585,9.72619083380504,7.8123391160867826,0.9000000000000045,1.000000000000023,2.7000000000000135,False,True,False,False,False
2025-12-05,2.516,2.83,2.5340578717582827,31.400000000000006,2.0000000000000018,1.100000000000012,0.8999999999999915,1.0081591828416108,-45.400635461349985,,2.55188025331718,10.129505484273759,7.581874118197021,1.2666666666666753,3.000000000000025,3.8000000000000256,False,False,False,False,False
2025-12-08,2.514,2.83,2.5341259229684425,31.60000000000003,0.0,-0.20000000000002238,0.20000000000002416,1.0056481147594973,-85.38605298613439,,2.4626196792014703,10.525645302761632,11.114382978062217,0.7333333333333414,2.0000000000000018,2.200000000000024,False,False,False,False,False
2025-12-09,2.534,2.83,2.5343002734064486,29.600000000000026,0.0,2.0000000000000018,-2.0000000000000036,1.005702721265653,-79.7906166627552,,2.458768755940888,10.842467770052755,10.089088478998814,1.100000000000012,2.0000000000000018,3.3000000000000362,False,False,False,False,False
2025-12-10,2.57,2.83,2.5346637226067577,26.00000000000002,0.0,3.600000000000003,-3.600000000000005,0.9907819335303868,70.55807547442815,74.84731353033126,2.369464864250883,17.491155871584244,-2.5474631751933687,1.9333333333333425,0.0,5.800000000000027,False,True,False,False,False
2025-12-11,2.569,2.83,2.535019105094759,26.100000000000012,0.0,-0.09999999999998899,0.09999999999999076,0.9766957750390328,32.55058456677809,29.395477079910773,2.411670120140188,11.236489586480197,-0.5740747158738488,1.899999999999998,0.0,5.699999999999994,False,True,False,False,False
2025-12-12,2.553,2.83,2.5358181182731134,27.700000000000014,0.0,-1.6000000000000014,1.6000000000000014,0.9820991602950239,36.61517732643423,38.3738727726164,2.3869428310137937,12.671925963926377,-0.7035376746844456,1.7666666666666646,0.0,5.299999999999994,False,True,False,False,False
2025-12-15,2.552,2.83,2.536076658655456,27.800000000000004,0.0,-0.09999999999998899,0.09999999999999076,0.9869599858306524,46.3793422719129,52.808069109920886,2.388976409996906,14.841516152267154,-1.2518493448578538,0.5999999999999931,0.0,1.7999999999999794,False,True,False,False,False
2025-12-16,2.551,2.84,2.536328381317096,28.89999999999997,0.9999999999999787,-0.09999999999998899,1.099999999999966,0.9872645739325886,46.47371671874575,54.07938343898542,2.38842659550603,15.013339781775812,-1.1705401312556665,0.5999999999999931,0.9999999999999787,1.7999999999999794,False,False,False,False,False
2025-12-17,2.532,2.84,2.5364816912650894,30.799999999999983,0.0,-1.9000000000000128,1.9000000000000128,0.992505675104308,66.81638375394454,92.14260105594091,2.368465373901303,19.38210749881218,-1.8582284592195042,0.699999999999997,0.9999999999999787,2.0999999999999908,False,True,False,False,False
2025-12-18,2.532,2.84,2.5366343584192763,30.799999999999983,0.0,0.0,0.0,0.9954486477003858,109.54386243102711,151.94793926333523,2.3768040767677827,24.94036924741401,-3.1572853493013873,0.6666666666666673,0.9999999999999787,2.0000000000000018,False,True,False,False,False
2025-12-19,2.532,2.85,2.537085966850389,31.800000000000004,1.000000000000023,0.0,1.0000000000000213,0.9949897245235132,98.40955189942892,137.99825997641494,2.3768572279385234,23.773983743866296,-2.8017833534783256,0.6333333333333376,1.000000000000023,1.9000000000000128,False,False,False,False,False
2025-12-22,2.542,2.85,2.537285881506977,30.800000000000026,0.0,0.9999999999999787,-0.9999999999999787,0.9929847564585199,84.13668480764461,98.45888109628174,2.3325629320406933,19.726952777287156,-2.703746767673838,0.3333333333333262,1.000000000000023,0.9999999999999787,False,False,False,False,False
2025-12-23,2.562,2.85,2.537583666033069,28.800000000000026,0.0,2.0000000000000018,-2.0,0.9895621150889591,59.54975940298584,66.05968210600885,2.3386338041108257,16.228456647542018,-1.8948049140361856,0.9999999999999934,1.000000000000023,2.9999999999999805,False,True,False,False,False
2025-12-24,2.563,2.86,2.538182165328082,29.69999999999997,0.9999999999999787,0.1000000000000334,0.8999999999999453,0.9843253265858176,42.67163973360353,43.873350996299166,2.356040540140367,13.359096002360923,-0.9709968197931288,1.0333333333333379,0.9999999999999787,3.100000000000014,False,True,False,False,False
2025-12-26,2.553,2.87,2.5389188411138517,31.700000000000017,1.000000000000023,-1.000000000000023,2.000000000000046,0.9886897721206284,50.96395187413167,60.93775744563318,2.3376693354629086,15.587048340867899,-1.2358947924491408,1.0333333333333528,2.0000000000000018,3.1000000000000583,False,False,False,False,False
2025-12-29,2.563,2.87,2.539210405690503,30.699999999999996,0.0,1.000000000000023,-1.0000000000000213,0.9887793012103056,57.699800973446465,61.42675086595264,2.3244106586087816,15.560000638285024,-1.735205646908142,0.7000000000000265,2.0000000000000018,2.1000000000000796,False,False,False,False,False
2025-12-30,2.563,2.87,2.539500080981954,30.699999999999996,0.0,0.0,0.0,0.9854620027941595,47.4742491431446,47.33089345897548,2.328438130854411,13.705081489835726,-1.223943772649955,0.6666666666666821,1.000000000000023,2.000000000000046,False,False,False,False,False
2025-12-31,2.562,2.81,2.540063532851416,24.800000000000022,-6.000000000000005,-0.1000000000000334,-5.899999999999974,0.9826957620924456,43.86236714814724,39.708916678349425,2.318155550332591,12.515214467535346,-1.5231354762313731,0.3666666666666855,6.000000000000005,1.1000000000000565,False,False,False,False,False
2026-01-02,2.687,2.77,2.54264812850956,8.300000000000018,-4.0000000000000036,12.5,-16.500000000000004,0.9657598570868953,29.685468220332762,19.895113993545422,2.372764047479367,9.14579658509282,-2.3382838248545745,4.200000000000011,10.000000000000009,12.600000000000033,True,False,False,False,False
2026-01-05,2.543,2.76,2.542826079416778,21.699999999999964,-1.000000000000023,-14.399999999999968,13.399999999999945,0.9545864253814641,19.79381296385059,14.91373728541661,3.215266764399077,10.791870576760424,0.17663175467042938,9.0,11.000000000000032,27.0,True,True,False,False,False
2026-01-06,2.522,2.75,2.5429058797180604,22.80000000000002,-0.9999999999999787,-2.100000000000035,1.1000000000000547,0.9392467388862498,22.978753176294592,11.059023953179123,3.6260829303013176,10.564194780138937,-0.016920662673754968,9.666666666666668,6.000000000000005,29.000000000000004,True,True,False,False,False
2026-01-07,2.532,2.72,2.5430319067471987,18.80000000000002,-2.9999999999999805,1.000000000000023,-4.0,0.9334122596498428,23.591706877329663,10.058977922614892,3.602379599826452,10.039916521617945,-0.4772656094313278,5.833333333333343,4.999999999999982,17.50000000000003,True,True,False,False,False
2026-01-08,2.532,2.7,2.5431576001578513,16.800000000000015,-2.0000000000000018,0.0,-2.0000000000000036,0.9274750412730639,22.543708087256093,9.206438500181111,3.6358630777776297,9.724547301556873,-0.5906401510676519,1.0333333333333528,5.999999999999961,3.1000000000000583,False,False,False,False,False
2026-01-09,2.544,2.7,2.543693524264817,15.600000000000014,0.0,1.200000000000001,-1.200000000000001,0.9304724972051434,21.86266857784242,9.618659863376427,3.6438604680066025,9.94607233669114,-0.6296624804084093,0.7333333333333414,4.999999999999982,2.200000000000024,False,False,False,False,False
2026-01-12,2.571,2.69,2.543993263642555,11.899999999999977,-1.000000000000023,2.7000000000000135,-3.7000000000000366,0.9316831276994033,21.4430835849941,9.795400741013617,3.649153781143348,10.045238090735905,-0.950010691513137,1.300000000000005,3.000000000000025,3.9000000000000146,False,False,False,False,False
2026-01-13,2.581,2.69,2.5443361059707374,10.899999999999999,0.0,0.9999999999999787,-0.9999999999999787,0.9293403360667009,20.86914754146387,9.458852562934483,3.678919139057707,9.96391551718315,-1.0005250972142126,1.633333333333331,1.000000000000023,4.899999999999993,False,True,False,False,False
2026-01-14,2.58,2.69,2.5446722695853357,10.999999999999988,0.0,-0.09999999999998899,0.09999999999998899,0.9264481589133631,20.88620326184857,9.072940956712836,3.6753390912373187,9.763869731664064,-1.0125292054837431,1.2666666666666604,1.000000000000023,3.799999999999981,False,True,False,False,False
2026-01-15,2.589,2.68,2.5450463952386784,9.10000000000002,-0.9999999999999787,0.8999999999999897,-1.8999999999999684,0.9192348435124444,21.27613703218497,8.230817767982286,3.6500950548500377,9.27103232134025,-1.3133528834925612,0.6666666666666524,0.9999999999999787,1.9999999999999574,False,False,False,False,False
2026-01-16,2.567,2.68,2.5458615032791716,11.299999999999999,0.0,-2.1999999999999797,2.1999999999999797,0.923503815146994,20.726513612853562,8.710029504879905,3.6671793519134868,9.560172679207279,-0.9860191786447107,1.0666666666666529,0.9999999999999787,3.1999999999999584,False,True,False,False,False
2026-01-19,2.557,2.68,2.546087095096219,12.300000000000022,0.0,-1.000000000000023,1.000000000000023,0.9154587844754011,21.301497806233716,7.847251060390094,3.658465986657108,9.091349882685822,-0.990116750800313,1.3666666666666643,0.9999999999999787,4.0999999999999925,False,True,False,False,False
2026-01-20,2.548,2.68,2.546272279971277,13.200000000000012,0.0,-0.8999999999999897,0.8999999999999897,0.9100884954545432,21.555618574682168,7.357200912080322,3.650695318493437,8.809296183904308,-0.9485001298910714,1.3666666666666643,0.0,4.0999999999999925,False,True,False,False,False
2026-01-21,2.549,2.68,2.5464609974721286,13.100000000000023,0.0,0.09999999999998899,-0.09999999999998899,0.898422275558792,21.973461336061835,6.471051256476301,3.61562900414582,8.233570552878795,-1.077717289124253,0.6666666666666673,0.0,2.0000000000000018,False,True,False,False,False
2026-01-22,2.559,2.68,2.546692126555938,12.1,0.0,1.000000000000023,-1.000000000000023,0.8946386473482019,21.95832369566552,6.225757970374895,3.6134506581424835,8.087573937162487,-1.2189469638560484,0.6666666666666673,0.0,2.0000000000000018,False,True,False,False,False
2026-01-23,2.532,2.69,2.5470302421757838,15.799999999999992,0.9999999999999787,-2.7000000000000135,3.699999999999992,0.8887630045213114,21.909913702244438,5.877881247653823,3.6100338848047215,7.87585876608103,-0.775777459158869,1.2666666666666753,0.9999999999999787,3.8000000000000256,False,True,False,False,False
2026-01-26,2.57,2.7,2.547304938419101,13.000000000000034,1.000000000000023,3.799999999999981,-2.799999999999958,0.8985240541406319,21.916303046439882,6.477901957819885,3.596473761951128,8.193836432904911,-1.0881719594296082,2.5000000000000058,2.0000000000000018,7.500000000000018,True,True,False,False,False
2026-01-27,2.578,2.71,2.5476120013537016,13.200000000000012,0.9999999999999787,0.8000000000000007,0.19999999999997797,0.8917973251369817,21.820062860515602,6.052820942175828,3.597069955363894,7.950465950257813,-1.084221090241392,2.433333333333332,2.9999999999999805,7.299999999999995,True,True,False,False,False
2026-01-28,2.547,2.7,2.547786498735016,15.300000000000002,-0.9999999999999787,-3.0999999999999694,2.0999999999999908,0.8794704019101823,22.122986238142122,5.396855925722711,3.562167916164429,7.4842758859505985,-0.9116428018040003,2.5666666666666504,2.9999999999999805,7.699999999999951,True,True,False,False,False
2026-01-29,2.496,2.72,2.547746011708586,22.40000000000002,2.0000000000000018,-5.100000000000016,7.100000000000017,0.8893364921441127,21.98253184006232,5.910210547572667,3.545893763226893,7.754768669731952,0.05383373479174694,2.999999999999995,3.999999999999959,8.999999999999986,True,True,False,False,False
2026-01-30,2.513,2.73,2.547840338390827,21.70000000000001,0.9999999999999787,1.6999999999999904,-0.70000000000001,0.8723887713864865,23.006701788006687,5.077253099943352,3.625331356779184,7.41660668755328,-0.17618593557072593,3.299999999999992,3.999999999999959,9.899999999999975,True,True,False,False,False
2026-02-02,2.552,2.74,2.5480346628525496,18.80000000000002,1.000000000000023,3.9000000000000146,-2.8999999999999915,0.8682705199930334,22.983760785101264,4.90716879608295,3.6240704796701158,7.305253076983907,-0.5727057969124568,3.5666666666666735,4.0000000000000036,10.70000000000002,True,True,False,False,False
2026-02-03,2.56,2.74,2.5482610934570893,18.000000000000014,0.0,0.8000000000000007,-0.8000000000000043,0.8697090475122982,22.54412845960628,4.965360344074737,3.6458144563357147,7.386699272515736,-0.6151771301309039,2.133333333333335,2.0000000000000018,6.400000000000006,True,True,False,False,False
2026-02-04,2.54,2.75,2.5484043985977793,20.999999999999996,0.9999999999999787,-2.0000000000000018,2.9999999999999822,0.8564278766153082,22.83283831160204,4.472345142486081,3.5995700078448563,6.972307332906828,-0.26287399910667925,2.233333333333339,2.0000000000000018,6.700000000000017,True,True,False,False,False
2026-02-05,2.54,2.75,2.548547274798469,20.999999999999996,0.0,0.0,0.0,0.8408545955449014,23.29367083017839,3.9988523242656213,3.5876719398178665,6.628357587026557,-0.3460390903875963,0.9333333333333341,0.9999999999999787,2.8000000000000025,False,True,False,False,False
2026-02-06,2.55,2.78,2.54909235782587,23.0,2.9999999999999805,0.9999999999999787,2.0000000000000036,0.8328745255584115,23.36072157776786,3.790334921812418,3.5809948931799362,6.470174705579621,-0.05575144322714909,0.9999999999999934,3.999999999999959,2.9999999999999805,False,False,False,False,False
2026-02-09,2.55,2.78,2.5492733287163944,23.0,0.0,0.0,0.0,0.8747678136287649,22.814198373180353,5.1805967336521705,3.3955250819163547,7.007695411370907,0.026513941590292144,0.3333333333333262,2.9999999999999805,0.9999999999999787,False,False,False,False,False
2026-02-10,2.55,2.78,2.5494535883636806,23.0,0.0,0.0,0.0,0.8741502162553628,22.882595263006923,5.153393929991178,3.394858649734251,6.99025889760191,0.016795477637223697,0.3333333333333262,2.9999999999999805,0.9999999999999787,False,False,False,False,False
2026-02-11,2.58,2.78,2.5497528794676687,19.99999999999997,0.0,3.000000000000025,-3.0000000000000284,0.8773115044232921,22.55391301966319,5.2955188731142995,3.378507822742203,7.039711113575399,-0.3627866226979466,1.0000000000000082,0.0,3.000000000000025,False,True,False,False,False
2026-02-12,2.58,2.78,2.550050557369954,19.99999999999997,0.0,0.0,0.0,0.8768686865171603,22.036816786144634,5.275171860759426,3.3986562411849905,7.06978227805997,-0.2881017697625037,1.0000000000000082,0.0,3.000000000000025,False,True,False,False,False
2026-02-13,2.551,2.78,2.551117156014382,22.899999999999963,0.0,-2.8999999999999915,2.8999999999999915,0.8769253119567079,21.82562583992702,5.277765587691856,3.3944735763045473,7.062599265456416,0.1521216367644939,1.9666666666666721,0.0,5.900000000000016,False,True,False,False,False
2026-02-19,2.551,2.78,2.551294331239146,22.899999999999963,0.0,0.0,0.0,0.8735370814994257,21.907938589271247,5.126650089349926,3.4008630244564784,6.986769144982942,0.14199143984041548,0.9666666666666638,0.0,2.8999999999999915,False,True,False,False,False
2026-02-20,2.541,2.79,2.5517050564032178,24.900000000000013,1.000000000000023,-1.000000000000023,2.0000000000000497,0.8743314399660306,22.004688277585032,5.161348468661489,3.3999225439523735,7.005393075631405,0.4132975396464848,1.300000000000005,1.000000000000023,3.9000000000000146,False,True,False,False,False
2026-02-23,2.531,2.8,2.5518037881936584,26.89999999999997,0.9999999999999787,-0.9999999999999787,1.9999999999999574,0.8754270963659427,22.380218872180645,5.209932791355089,3.409948307069704,7.054819529076164,0.640665733431057,0.6666666666666673,2.0000000000000018,2.0000000000000018,False,False,False,False,False
2026-02-24,2.531,2.8,2.551902450229988,26.89999999999997,0.0,0.0,0.0,0.8775780685523588,22.69416871841379,5.307838076837322,3.423429995669686,7.140569263598179,0.5890050395599463,0.6666666666666673,2.0000000000000018,2.0000000000000018,False,False,False,False,False
2026-02-25,2.541,2.8,2.5520389146097227,25.89999999999999,0.0,0.9999999999999787,-0.9999999999999787,0.8783161514365232,22.738943323387964,5.342229611921633,3.423987301125378,7.16195075221284,0.4413681112838357,0.6666666666666524,0.9999999999999787,1.9999999999999574,False,False,False,False,False
2026-02-26,2.552,2.81,2.5522165425861014,25.8,1.000000000000023,1.100000000000012,-0.09999999999999076,0.8764814970907983,22.36117958143572,5.257500284657432,3.411654379415895,7.086419782493696,0.4852690814421618,0.699999999999997,1.000000000000023,2.0999999999999908,False,True,False,False,False
2026-02-27,2.562,2.81,2.5530654842786356,24.800000000000022,0.0,0.9999999999999787,-0.9999999999999787,0.875301625575028,22.226823463437583,5.204325864160627,3.4073787948239724,7.046191712458325,0.36518684724584244,1.0333333333333232,1.000000000000023,3.0999999999999694,False,True,False,False,False
2026-03-03,2.56,2.81,2.5532691138753525,25.0,0.0,-0.19999999999997797,0.19999999999997797,0.8736214042864898,22.065670090541378,5.130312733293521,3.406971332013058,7.001495225531971,0.4191004656774115,0.7666666666666563,1.000000000000023,2.2999999999999687,False,True,False,False,False
2026-03-04,2.539,2.81,2.5533943802710817,27.09999999999999,0.0,-2.0999999999999908,2.0999999999999908,0.8731534641259558,22.05948515766664,5.110048657326907,3.406814228740409,6.989119512269037,0.721194541527726,1.0999999999999825,0.0,3.2999999999999474,False,True,False,False,False
2026-03-05,2.511,2.81,2.553416357359038,29.89999999999999,0.0,-2.8000000000000025,2.8000000000000007,0.8700901564612774,21.94332008066104,4.980992584542624,3.3926376744857594,6.883117423763282,1.1559703880496508,1.6999999999999904,0.0,5.099999999999971,False,True,False,False,False
2026-03-06,2.499,2.81,2.5533521704179982,31.099999999999994,0.0,-1.200000000000001,1.2000000000000028,0.8711415285479447,22.14819879183902,5.024596101597652,3.4143010140904666,6.953316540680502,1.28741459644305,2.0333333333333314,0.0,6.099999999999994,False,True,False,False,False
2026-03-09,2.49,2.84,2.5533002855560105,34.999999999999964,2.9999999999999805,-0.8999999999999897,3.89999999999997,0.8713300349239761,22.177431416140482,5.032489224989758,3.416686400670122,6.96291884680127,1.8415507728845792,1.633333333333331,2.9999999999999805,4.899999999999993,False,False,False,False,False
2026-03-10,2.56,2.83,2.5535024891575357,27.0,-0.9999999999999787,6.999999999999984,-7.9999999999999645,0.8828840959506586,22.70391643943774,5.564705167606353,3.47513784642065,7.400350763995153,0.5805243153424495,3.0333333333333248,3.999999999999959,9.099999999999975,True,True,False,False,False
2026-03-11,2.566,2.83,2.5537255303685393,26.400000000000023,0.0,0.5999999999999783,-0.5999999999999766,0.8567716722736817,21.961816379663663,4.4839567863490295,3.57378574138314,6.930024982783631,0.640428228088962,2.8333333333333175,3.999999999999959,8.499999999999952,True,True,False,False,False
2026-03-12,2.565,2.83,2.5539440577402766,26.500000000000014,0.0,-0.09999999999998899,0.09999999999999076,0.8635206776031839,22.275099100129047,4.723724239884581,3.5577687305694847,7.054677692951124,0.5988793654021066,2.5666666666666504,0.9999999999999787,7.699999999999951,True,True,False,False,False
2026-03-13,2.56,2.83,2.5545391209010395,27.0,0.0,-0.49999999999998934,0.4999999999999858,0.8636872126575279,22.28193945017479,4.729940164934126,3.5579395300532766,7.0590092460079035,0.6683743263962185,0.39999999999998553,0.0,1.1999999999999567,False,True,False,False,False
2026-03-16,2.539,2.82,2.5546622465538897,28.09999999999997,-1.000000000000023,-2.0999999999999908,1.0999999999999694,0.8624131268767921,22.15275093792603,4.68276695424094,3.5496364091616246,7.01224946478201,0.8481228587121896,0.8999999999999897,1.000000000000023,2.699999999999969,False,True,False,False,False
2026-03-17,2.529,2.83,2.5547498439712775,30.100000000000016,1.000000000000023,-1.000000000000023,2.000000000000046,0.8637266882692721,22.26443149497121,4.7314158162776385,3.5554590686332497,7.055034892148089,1.1106349755618379,1.200000000000001,2.000000000000046,3.600000000000003,False,False,False,False,False
2026-03-18,2.519,2.83,2.554802273408102,31.099999999999994,0.0,-0.9999999999999787,0.9999999999999787,0.8658763841664836,22.383846953303348,4.813083425965839,3.566166853815227,7.128655025540613,1.22269250166663,1.3666666666666643,2.000000000000046,4.0999999999999925,False,True,False,False,False
2026-03-19,2.499,2.83,2.55478482839337,33.099999999999994,0.0,-2.0000000000000018,2.0,0.865007698669775,22.290209304347883,4.779769219326068,3.557385948197706,7.089835687847131,1.5246884655142925,1.3333333333333346,1.000000000000023,4.0000000000000036,False,True,False,False,False
2026-03-20,2.52,2.81,2.554953637052587,29.000000000000004,-2.0000000000000018,2.0999999999999908,-4.099999999999991,0.871460247785926,22.56090334390497,5.0379549833314865,3.57868246447683,7.2964923721030965,0.8824920698490453,1.6999999999999904,2.0000000000000018,5.099999999999971,False,True,False,False,False
2026-03-23,2.521,2.81,2.555014408583087,28.900000000000013,0.0,0.09999999999998899,-0.09999999999999076,0.8551626425396691,21.968948660397473,4.4300857676857595,3.583916971131471,6.913956588082789,1.0024724991113216,1.399999999999994,2.0000000000000018,4.1999999999999815,False,True,False,False,False
2026-03-24,2.521,2.81,2.5550753698499533,28.900000000000013,0.0,0.0,0.0,0.8559177652133629,22.025645530018462,4.455218097970649,3.5855269243236707,6.933753619252757,0.9914333343044849,0.7333333333333266,2.0000000000000018,2.1999999999999797,False,False,False,False,False
2026-03-25,2.532,2.82,2.5551743234450854,28.799999999999983,0.9999999999999787,1.100000000000012,-0.10000000000002984,0.8605049972559726,22.229099517938266,4.613726704094676,3.5863337694764206,7.039729313622952,0.9334024348558432,0.40000000000000036,0.9999999999999787,1.200000000000001,False,False,False,False,False
2026-03-26,2.531,2.82,2.5552697890715783,28.89999999999997,0.0,-0.09999999999998899,0.09999999999998721,0.8582340039831879,22.11104254333564,4.533974689974605,3.579867579450468,6.974783379620132,0.9733574631867747,0.40000000000000036,0.9999999999999787,1.200000000000001,False,False,False,False,False
2026-03-27,2.531,2.82,2.5555541656084464,28.89999999999997,0.0,0.0,0.0,0.8524855934522377,21.88167462838502,4.343055498915134,3.558918252848698,6.8080600020075845,1.0308847703377115,0.40000000000000036,0.9999999999999787,1.200000000000001,False,False,False,False,False
2026-03-30,2.521,2.82,2.5556156716524385,29.89999999999999,0.0,-1.000000000000023,1.0000000000000213,0.8534639731067709,21.947734429619853,4.37449452352257,3.5610431357694883,6.8330241233396976,1.1637988432116646,0.3666666666666707,0.0,1.100000000000012,False,True,False,False,False
2026-03-31,2.512,2.82,2.5556470274432153,30.799999999999983,0.0,-0.8999999999999897,0.8999999999999915,0.854443444885069,22.03226872096667,4.406391028328637,3.5669961686543816,6.865623156471247,1.2770481395806321,0.6333333333333376,0.0,1.9000000000000128,False,True,False,False,False
2026-04-01,2.584,2.82,2.5559206244556214,23.599999999999977,0.0,7.200000000000006,-7.200000000000006,0.8749280087964689,22.924955445593802,5.187696527561502,3.5193859643681273,7.26765942330608,0.09288335007023407,3.03333333333334,0.0,9.10000000000002,True,True,False,False,False
2026-04-02,2.541,2.82,2.5560490550755834,27.89999999999999,0.0,-4.300000000000015,4.300000000000015,0.8708792347074231,24.22192748272983,5.013651634639921,2.8967905043072375,5.8938104592132525,0.6240568037814264,4.133333333333337,0.0,12.400000000000011,True,True,False,False,False
2026-04-03,2.49,2.82,2.5559237395475423,32.999999999999964,0.0,-5.099999999999971,5.099999999999973,0.934688620933735,24.081862015429373,10.262487281476078,2.499131940010496,7.030548674218753,1.268483926051702,5.533333333333331,0.0,16.599999999999994,True,True,False,False,False
2026-04-06,2.49,2.82,2.5558841928472606,32.999999999999964,0.0,0.0,0.0,0.9458610059302162,25.77125328596282,12.453315715093645,2.592398512528375,7.987130217734751,0.9050493127038695,3.133333333333329,0.0,9.399999999999986,True,True,False,False,False
2026-04-07,2.488,2.82,2.555838869849587,33.19999999999999,0.0,-0.20000000000002238,0.20000000000002416,0.9474056171107464,27.326962869200276,12.82941622305463,2.5324312851203357,7.912974733814428,0.7422034479274308,1.7666666666666646,0.0,5.299999999999994,False,True,False,False,False
2026-04-08,2.473,2.81,2.555745116953791,33.70000000000002,-0.9999999999999787,-1.5000000000000124,0.5000000000000284,0.9455319251412554,28.094810282167007,12.37594286381793,2.5118985827879845,7.716349803614868,0.7264043052075159,0.5666666666666783,0.9999999999999787,1.7000000000000348,False,False,False,False,False
2026-04-09,2.474,2.82,2.5556557886524676,34.599999999999966,0.9999999999999787,0.1000000000000334,0.8999999999999488,0.9441355255744639,28.76098973017049,12.057762083434996,2.50206928461793,7.592209871025164,0.7690791441518784,0.6000000000000227,1.9999999999999574,1.8000000000000682,False,False,False,False,False
2026-04-10,2.503,2.82,2.5556750625789335,31.699999999999974,0.0,2.8999999999999915,-2.8999999999999915,0.9360998970512752,29.59732193530392,10.496968708182282,2.4345078768049784,6.921441047178665,0.3037919488678088,1.5000000000000124,1.9999999999999574,4.500000000000037,False,True,False,False,False
2026-04-13,2.541,2.82,2.5558059764744736,27.89999999999999,0.0,3.799999999999981,-3.799999999999983,0.9177552858168555,28.2475218799897,8.076332563776603,2.4386085799478616,6.140327078156189,-0.05659663981516494,2.266666666666669,0.9999999999999787,6.800000000000006,True,True,False,False,False
2026-04-14,2.54,2.82,2.555933410376863,27.99999999999998,0.0,-0.09999999999998899,0.09999999999998721,0.9020082551382401,27.236669614336616,6.720996610423738,2.473722260841697,5.729938927382682,0.1332178920817985,2.2666666666666537,0.0,6.799999999999962,True,True,False,False,False
2026-04-15,2.51,2.81,2.5559641771605133,30.00000000000003,-0.9999999999999787,-3.000000000000025,2.0000000000000497,0.8840271552153491,27.362189576755387,5.623113881743588,2.4263518690729855,5.190773133114728,0.5081729360153755,2.2999999999999985,0.9999999999999787,6.899999999999995,True,True,False,False,False
2026-04-16,2.49,2.82,2.555931212080288,32.999999999999964,0.9999999999999787,-1.9999999999999574,2.999999999999936,0.8872626394302711,27.73173310245054,5.794854938349801,2.4414977696359554,5.29305283555535,0.9953172698675082,1.6999999999999904,1.9999999999999574,5.099999999999971,False,True,False,False,False
2026-04-17,2.476,2.82,2.5557018147412363,34.399999999999984,0.0,-1.4000000000000234,1.40000000000002,0.8889030272573427,28.395317098630727,5.88574400907341,2.4756815247694957,5.404292316098847,1.1110951351543117,2.133333333333335,1.9999999999999574,6.400000000000006,True,True,False,False,False
2026-04-20,2.511,2.81,2.5557386929819312,29.89999999999999,-0.9999999999999787,3.500000000000014,-4.499999999999993,0.8900324096407767,28.855662259254732,5.949893912535204,2.4853349125933253,5.4515241523328335,0.19156802970383302,2.2999999999999985,1.9999999999999574,6.899999999999995,True,True,False,False,False
2026-04-21,2.521,2.82,2.55580745099616,29.89999999999999,0.9999999999999787,0.9999999999999787,0.0,0.8621475825737341,28.01304173531298,4.673044732491053,2.5210061292998915,4.975762693230702,0.3792299554908699,1.9666666666666721,1.9999999999999574,5.900000000000016,False,True,False,False,False
2026-04-22,2.52,2.83,2.5558731870304174,31.000000000000007,1.000000000000023,-0.09999999999998899,1.1000000000000156,0.8410602986852461,28.130375544167084,4.004503326344088,2.4849695294879033,4.593787113524534,0.6246751068164399,1.5333333333333272,2.9999999999999805,4.599999999999982,False,False,False,False,False
2026-04-23,2.519,2.83,2.5559359282821865,31.099999999999994,0.0,-0.09999999999998899,0.09999999999998721,0.8538319745925308,28.296439174922043,4.386428474050278,2.486055850975415,4.775837120871719,0.5870302428919993,0.39999999999998553,2.0000000000000018,1.1999999999999567,False,False,False,False,False
2026-04-24,2.522,2.82,2.556151465003282,29.800000000000004,-1.000000000000023,0.29999999999996696,-1.29999999999999,0.8227082157019275,28.52189134131234,3.5518017675498896,2.40308448913257,4.227330073895966,0.3023441832896056,0.1666666666666483,2.000000000000046,0.49999999999994493,False,False,False,False,False
2026-04-27,2.541,2.82,2.556282962390939,27.89999999999999,0.0,1.9000000000000128,-1.9000000000000128,0.7943933086847482,28.466723254424867,3.011371323163192,2.377522860275262,3.91423826956555,-0.14478506810158426,0.7666666666666563,1.000000000000023,2.2999999999999687,False,True,False,False,False
2026-04-28,2.55,2.82,2.5564420307173474,27.0,0.0,0.8999999999999897,-0.8999999999999915,0.7788273181961324,28.345238321940535,2.7729666353782627,2.382195277675531,3.7979104655263574,-0.354204853998341,1.0333333333333232,1.000000000000023,3.0999999999999694,False,True,False,False,False
2026-04-29,2.521,2.82,2.556511315375521,29.89999999999999,0.0,-2.8999999999999915,2.8999999999999915,0.827840209697274,28.046090905088068,3.6687046646510777,2.3083160526100057,4.114909572844382,0.4505345894224429,1.899999999999998,0.0,5.699999999999994,False,True,False,False,False
2026-04-30,2.511,2.81,2.5566646349318987,29.89999999999999,-0.9999999999999787,-0.9999999999999787,0.0,0.8174494157936354,28.432526380792037,3.43880567282376,2.3240886861114616,4.034873438919755,0.3636975586527534,1.5999999999999865,0.9999999999999787,4.79999999999996,False,True,False,False,False
2026-05-04,2.54,2.81,2.5569197537924127,27.0,0.0,2.8999999999999915,-2.8999999999999915,0.7925831112909177,28.71721035204194,2.981818046893183,2.2554453564328325,3.6988830638233483,-0.46425105157743074,2.2666666666666537,0.9999999999999787,6.799999999999962,True,True,False,False,False
2026-05-06,2.546,2.82,2.5570653699209824,27.400000000000002,0.9999999999999787,0.5999999999999783,0.40000000000000213,0.7582763486176489,28.629366100120134,2.504982596125053,2.246909417014687,3.446532866588046,-0.3566964679310206,1.499999999999983,1.9999999999999574,4.4999999999999485,False,True,False,False,False
2026-05-07,2.544,2.82,2.5572046421277497,27.59999999999998,0.0,-0.19999999999997797,0.19999999999997797,0.7636455044350324,28.609796105977924,2.5705287432321584,2.246082041612115,3.4788686696320688,-0.29026565871621196,1.2333333333333159,0.9999999999999787,3.6999999999999478,False,True,False,False,False
2026-05-08,2.529,2.81,2.557484853449114,28.100000000000016,-0.9999999999999787,-1.5000000000000124,0.5000000000000355,0.7465978726160187,28.700772182460586,2.3719350907043792,2.2323764610013437,3.355566444249416,-0.17903748664853303,0.7666666666666563,1.9999999999999574,2.2999999999999687,False,False,False,False,False
2026-05-11,2.539,2.81,2.557608504101056,27.09999999999999,0.0,1.000000000000023,-1.0000000000000249,0.7468629425596417,28.712664211021703,2.374819817290913,2.232557017355317,3.3573396501485577,-0.4803399057198024,0.9000000000000045,0.9999999999999787,2.7000000000000135,False,True,False,False,False
2026-05-12,2.55,2.81,2.5577646147844177,26.00000000000002,0.0,1.0999999999999677,-1.0999999999999694,0.7358536275021034,28.72070673153669,2.259839643029176,2.2292513224925763,3.2921541093695925,-0.8264214374999752,1.200000000000001,0.9999999999999787,3.600000000000003,False,True,False,False,False
2026-05-13,2.55,2.81,2.5579203503913672,26.00000000000002,0.0,0.0,0.0,0.7263756550676451,28.712948079820965,2.1681991586778953,2.22922444746066,3.243461731985814,-0.8364359761260193,0.699999999999997,0.0,2.0999999999999908,False,True,False,False,False
2026-05-14,2.519,2.81,2.5579842108060418,29.099999999999994,0.0,-3.0999999999999694,3.099999999999973,0.6888203977796343,28.904770668988498,1.8594265027866976,2.1433493004181186,2.9566210186656554,0.0660312328766455,1.399999999999979,0.0,4.199999999999937,False,True,False,False,False
2026-05-15,2.518,2.81,2.558166348914347,29.200000000000024,0.0,-0.1000000000000334,0.10000000000002984,0.6352921316713988,29.10256740732246,1.5278653364593175,2.1232994484411085,2.7494194894379937,0.03543751437416323,1.0666666666666675,0.0,3.200000000000003,False,True,False,False,False
2026-05-18,2.519,2.81,2.5582308094089092,29.099999999999994,0.0,0.1000000000000334,-0.10000000000002984,0.6276642587970581,29.120681574055777,1.488239111661962,2.1224769685018736,2.726422827294022,-0.007585607723329063,1.100000000000012,0.0,3.3000000000000362,False,True,False,False,False
2026-05-19,2.509,2.81,2.5582663016600633,30.100000000000016,0.0,-1.000000000000023,1.0000000000000213,0.5963188671803904,29.20099418407484,1.3407627475344184,2.0980167540935106,2.6135445218175763,0.3439795298761416,0.40000000000002994,0.0,1.2000000000000899,False,True,False,False,False
2026-05-20,2.506,2.82,2.558293385162973,31.400000000000006,0.9999999999999787,-0.30000000000001137,1.29999999999999,0.5882940939033311,29.25983686507715,1.3065225459876528,2.1003566729165373,2.5973713262211406,0.8239727270865547,0.46666666666668927,0.9999999999999787,1.4000000000000679,False,False,False,False,False
2026-05-21,2.508,2.81,2.5583266031781804,30.200000000000003,-0.9999999999999787,0.20000000000002238,-1.2000000000000028,0.5945443591343657,29.32201058853414,1.3330780204754884,2.111255518826336,2.6257345674113917,0.3343785858490018,0.500000000000019,1.9999999999999574,1.5000000000000568,False,False,False,False,False
2026-05-22,2.52,2.81,2.558596997600826,29.000000000000004,0.0,1.200000000000001,-1.1999999999999993,0.5867817841426601,29.345527036869306,1.3002142588753607,2.1076507173861407,2.6028569978245852,-0.1327491434059141,0.5666666666666783,1.9999999999999574,1.7000000000000348,False,False,False,False,False
2026-05-26,2.53,2.84,2.5586941955427696,31.000000000000007,2.9999999999999805,0.9999999999999787,2.0000000000000036,0.5725029640673904,29.389008682484707,1.2427841895122498,2.093338472388831,2.553154903653311,0.6309806409357032,0.8000000000000007,3.999999999999959,2.400000000000002,False,False,False,False,False
2026-05-27,2.54,2.85,2.5588198296943463,31.000000000000007,1.000000000000023,1.000000000000023,0.0,0.5565264639578914,29.517383307136416,1.182763162907036,2.095576372510236,2.522268896121848,0.5878107188108335,1.0666666666666675,4.0000000000000036,3.200000000000003,False,False,False,False,False
2026-05-28,2.55,2.85,2.5589736696988945,30.00000000000003,0.0,0.9999999999999787,-0.9999999999999787,0.5333588489708182,29.63197357186456,1.1027527645491413,2.066216263425096,2.44265626378227,0.15066648287451115,0.9999999999999934,4.0000000000000036,2.9999999999999805,False,False,False,False,False
2026-05-29,2.538,2.86,2.5593302191781184,32.2,0.9999999999999787,-1.200000000000001,2.1999999999999744,0.5039723925782389,29.6827132898738,1.0115484549141582,2.047278402720518,2.370303994940885,1.0620100693830978,1.0666666666666675,2.0000000000000018,3.200000000000003,False,False,False,False,False
2026-06-01,2.56,2.86,2.5595110661116083,29.999999999999982,0.0,2.200000000000024,-2.2000000000000206,0.5037493940059428,29.770797720946398,1.0108955364560743,2.070264288877322,2.3965557325840363,0.09563820108053653,1.466666666666668,0.9999999999999787,4.400000000000004,False,True,False,False,False
2026-06-02,2.539,2.87,2.5597534362470706,33.099999999999994,1.000000000000023,-2.0999999999999908,3.100000000000012,0.5077387326000192,29.686493968756157,1.0226603375107284,2.0647742505241524,2.396689079186398,1.4242590166942377,1.8333333333333386,2.0000000000000018,5.500000000000016,False,True,False,False,False
2026-06-04,2.529,2.87,2.559846744526588,34.10000000000002,0.0,-1.000000000000023,1.0000000000000284,0.5100142987454157,29.753927995985094,1.0294522162476343,2.1019161948499874,2.4436171425400754,1.7785404793392885,1.7666666666666793,1.000000000000023,5.300000000000038,False,True,False,False,False
2026-06-05,2.519,2.88,2.5600421552148127,36.09999999999998,0.9999999999999787,-0.9999999999999787,1.9999999999999574,0.517809236117609,29.68700879306568,1.053177683508818,2.043060746301618,2.388159012473152,2.6853283945666058,1.3666666666666643,2.0000000000000018,4.0999999999999925,False,True,False,False,False
2026-06-08,2.509,2.92,2.560080448661147,41.1,4.0000000000000036,-1.000000000000023,5.000000000000021,0.6608350268064404,30.15814577621621,1.673253883195393,1.951713260570084,2.600442574882466,4.207689233159989,1.0000000000000082,4.999999999999982,3.000000000000025,False,False,False,False,False
2026-06-09,2.51,2.91,2.560121762109346,40.000000000000036,-0.9999999999999787,0.09999999999998899,-1.099999999999966,0.7690685217993142,30.936529589256494,2.6398043625228307,2.127691597584871,3.328854271738877,2.722699665073984,0.699999999999997,5.999999999999961,2.0999999999999908,False,False,False,False,False
2026-06-10,2.565,2.94,2.5603142344101557,37.5,2.9999999999999805,5.500000000000016,-2.5000000000000355,0.7907055701696666,31.200041242357173,2.951702702060413,2.1291543007391645,3.4778929380754953,1.8114297564113437,2.2000000000000095,7.999999999999963,6.600000000000028,True,False,False,False,False
2026-06-11,2.573,2.95,2.560528066443212,37.700000000000024,1.000000000000023,0.8000000000000007,0.20000000000002416,0.7758484149721662,31.129547461942124,2.731096598224657,2.129470281024455,3.375186150476952,1.946693380787137,2.133333333333335,4.999999999999982,6.400000000000006,True,False,False,False,False
2026-06-12,2.555,2.92,2.5610176362471786,36.49999999999998,-3.000000000000025,-1.7999999999999794,-1.2000000000000455,0.7961169111152009,31.311623866262586,3.039996137641616,2.1390920664487156,3.5348547557915753,1.4677763280759006,2.699999999999999,7.000000000000028,8.099999999999996,True,False,False,False,False
2026-06-15,2.55,2.92,2.561167014291529,37.000000000000014,0.0,-0.5000000000000338,0.5000000000000355,0.8027016173546043,31.226070808803247,3.1539344866247556,2.131480584125583,3.574025890267737,1.6155252839436571,1.0333333333333379,4.000000000000048,3.100000000000014,False,False,False,False,False
2026-06-16,2.542,2.92,2.561294474881354,37.80000000000001,0.0,-0.8000000000000007,0.7999999999999972,0.8166686357798172,31.330206166747864,3.4225796892768905,2.1381698519551886,3.7049807640868826,1.7462422196533782,1.0333333333333379,3.000000000000025,3.100000000000014,False,False,False,False,False
2026-06-17,2.539,2.93,2.5614136594211123,39.1,1.000000000000023,-0.29999999999996696,1.29999999999999,0.8319948312081418,31.35890389440516,3.7685573759737934,2.13564298420445,3.849507850890986,2.010931372383909,0.5333333333333338,1.000000000000023,1.6000000000000014,False,False,False,False,False
2026-06-18,2.53,2.92,2.5615085044974784,39.000000000000014,-1.000000000000023,-0.9000000000000341,-0.09999999999998721,0.8645912535482567,32.22862674449883,4.763949782757707,2.093045263305973,4.165464524793767,1.6255985893521525,0.6666666666666673,2.000000000000046,2.0000000000000018,False,False,False,False,False
2026-06-19,2.53,2.92,2.5617914865494518,39.000000000000014,0.0,0.0,0.0,0.8713437474092519,32.46616547960188,5.033064293971779,2.0944381112161383,4.268500119704165,1.5307096959507582,0.40000000000000036,2.000000000000046,1.200000000000001,False,False,False,False,False
2026-06-22,2.54,2.92,2.5619128426879803,37.999999999999986,0.0,1.000000000000023,-1.0000000000000284,0.8775455561845239,32.70473987662099,5.306332657256022,2.096256072346584,4.37181541357634,1.2112268296906972,0.6333333333333524,1.000000000000023,1.9000000000000572,False,False,True,False,False
2026-06-23,2.55,2.92,2.5620605806125147,37.000000000000014,0.0,0.9999999999999787,-0.9999999999999716,0.8740728547251992,32.71623925598209,5.150005225094975,2.095081008614445,4.3126866650978055,0.9932928303570081,0.6666666666666673,0.0,2.0000000000000018,False,True,True,False,False
2026-06-24,2.55,2.92,2.5622080285924316,37.000000000000014,0.0,0.0,0.0,0.8706587415875109,32.69533946684756,5.004485626658721,2.0948560228948003,4.258810879658808,1.0107658345930879,0.6666666666666673,0.0,2.0000000000000018,False,True,True,False,False
2026-06-25,2.54,2.92,2.562328781785564,37.999999999999986,0.0,-0.9999999999999787,0.9999999999999716,0.8722061573077823,32.845480261890316,5.069479246479211,2.0950573789070983,4.28315826923714,1.2034390078767099,0.6666666666666524,0.0,1.9999999999999574,False,True,True,False,False
2026-06-26,2.54,2.92,2.5626887344080753,37.999999999999986,0.0,0.0,0.0,0.8816004433330648,33.06800709022664,5.500454886676084,2.103383416971909,4.456354220701734,1.1067326934789121,0.3333333333333262,0.0,0.9999999999999787,False,True,True,False,False
2026-06-29,2.55,2.92,2.56283502914495,37.000000000000014,0.0,0.9999999999999787,-0.9999999999999716,0.8861114026952118,33.11728261107349,5.73262987335223,2.103569568834845,4.538716820942644,0.8554658821213091,0.6666666666666524,0.0,1.9999999999999574,False,True,True,False,False
2026-06-30,2.551,2.92,2.562983653980129,36.89999999999998,0.0,0.1000000000000334,-0.10000000000003695,0.8739630901939383,33.969797662220564,5.145204282693313,1.8530279702925638,3.812875152789388,0.7685020412052471,0.3666666666666707,0.0,1.100000000000012,False,True,True,False,False
2026-07-01,2.603,2.92,2.563267277807533,31.699999999999974,0.0,5.200000000000005,-5.200000000000003,0.9015739987110091,33.944733095901434,6.689760346703961,1.8062060533005075,4.174993055615594,-0.5376615160789718,2.1000000000000054,0.0,6.300000000000017,True,True,True,False,False
2026-07-02,2.54,2.92,2.5633864469247145,37.999999999999986,0.0,-6.300000000000017,6.300000000000011,0.9011434277249585,32.324570086128595,6.6590598694425,1.8173503936694058,4.192069307605097,1.3538492561597766,3.866666666666685,0.0,11.600000000000055,True,True,True,True,False
2026-07-03,2.506,2.92,2.563478987428558,41.40000000000001,0.0,-3.4000000000000252,3.400000000000027,0.8959604190998638,33.33997682465141,6.3094231238822385,1.9933945945577611,4.488273835526069,1.7957957715393922,4.966666666666682,0.0,14.900000000000047,True,True,True,True,False
2026-07-06,2.449,2.92,2.5633643588679353,47.10000000000001,0.0,-5.699999999999994,5.699999999999996,0.9162482011639063,34.26963296310345,7.924581188498589,2.055814017174099,5.131695408779986,2.5002199107422984,5.133333333333345,0.0,15.400000000000036,True,True,True,True,False
2026-07-07,2.444,2.91,2.5632379041757973,46.60000000000002,-0.9999999999999787,-0.49999999999998934,-0.4999999999999858,0.9653941539719184,39.312166314193504,19.681163403824446,2.2049930405229667,8.454884078550425,0.861967310030347,3.200000000000003,0.9999999999999787,9.600000000000009,True,True,True,False,False
2026-07-08,2.468,2.91,2.5631738798472936,44.20000000000002,0.0,2.400000000000002,-2.4000000000000057,0.9625118620623103,38.4017161857768,18.140992962282724,2.2031196225660907,8.12241170060042,0.7138623389152511,2.866666666666662,0.9999999999999787,8.599999999999985,True,True,True,False,False
2026-07-09,2.467,2.91,2.563108047566812,44.300000000000004,0.0,-0.09999999999998899,0.09999999999998721,0.9465338024464335,37.142247033420716,12.614465748276022,2.1820250108616883,6.763774187114762,1.058248363792965,0.9999999999999934,0.9999999999999787,2.9999999999999805,False,True,True,False,False
2026-07-10,2.501,2.9,2.56317210463294,39.900000000000006,-1.000000000000023,3.399999999999981,-4.399999999999999,0.945436082282914,38.485846237277705,12.353583915279708,2.113143546755375,6.485862597388494,0.21803634312137654,1.9666666666666572,1.000000000000023,5.899999999999972,False,True,True,False,False
2026-07-13,2.543,2.9,2.5633006823129696,35.699999999999974,0.0,4.200000000000026,-4.200000000000031,0.9180933992783006,36.13199043854008,8.111144360862381,2.174351505304069,5.485742611675034,-0.07874785040419517,2.566666666666665,1.000000000000023,7.699999999999996,True,True,True,False,False
2026-07-14,2.56,2.9,2.563471933947581,33.999999999999986,0.0,1.6999999999999904,-1.6999999999999886,0.9088587255664671,34.93119103345981,7.253102338365965,2.2252189588472984,5.33492488744236,-0.1745462313165297,3.099999999999999,1.000000000000023,9.299999999999997,True,True,True,False,False
2026-07-15,2.574,2.9,2.56367801038716,32.60000000000001,0.0,1.399999999999979,-1.3999999999999773,0.9132015429258656,34.16306681558207,7.633890940545668,2.208693172080849,5.419996733049778,-0.28838888519081074,2.433333333333332,0.0,7.299999999999995,True,True,True,False,False
2026-07-16,2.546,2.91,2.5642151682164913,36.400000000000034,1.000000000000023,-2.8000000000000025,3.8000000000000256,0.9139504904065546,33.63020016773489,7.703443334241201,2.209434115768148,5.444293203476512,0.5087528773241782,1.9666666666666572,1.000000000000023,5.899999999999972,False,True,False,False,False
2026-07-20,2.749,2.91,2.5648541659477235,16.1,0.0,20.30000000000003,-20.300000000000033,0.9121362251204083,35.20810433034267,7.536999598100011,2.1814089845972036,5.321974067189328,-3.590416655381065,8.16666666666667,1.000000000000023,24.50000000000001,True,True,False,False,False
2026-07-21,2.698,2.91,2.565364130841621,21.200000000000017,0.0,-5.100000000000016,5.100000000000016,0.882724617309184,32.069970268621105,5.5566464206012505,3.4305827820874617,7.300810458842045,-1.4888717259405657,9.400000000000015,1.000000000000023,28.200000000000045,True,True,False,False,False
2026-07-22,2.679,2.91,2.5658251320655707,23.10000000000003,0.0,-1.9000000000000128,1.9000000000000128,0.8553931326842145,32.68186527388696,4.437729273435228,3.4513089510698944,6.663024442697519,-1.4380654545532066,9.10000000000002,0.0,27.300000000000058,True,True,False,False,False
2026-07-23,2.676,2.91,2.566277002915407,23.4,0.0,-0.29999999999996696,0.29999999999996874,0.8538055238160968,32.736921529340044,4.385568700170129,3.451382880399425,6.629725893822509,-1.4083420157747495,2.433333333333332,0.0,7.299999999999995,True,True,False,False,False
2026-07-24,2.668,2.91,2.5675623289958027,24.2,0.0,-0.8000000000000007,0.8000000000000007,0.857321408554698,32.76854129161619,4.502640069603827,3.4484065762948073,6.698777079668779,-1.2791202319035613,0.9999999999999934,0.0,2.9999999999999805,False,True,False,False,False
2026-07-27,2.672,2.92,2.5679979126446297,24.799999999999976,0.9999999999999787,0.40000000000000036,0.5999999999999766,0.8560100182843208,32.98480962427497,4.458306535501512,3.4352328768855904,6.645075003046705,-1.2317106459328657,0.49999999999998934,0.9999999999999787,1.499999999999968,False,False,False,False,False
