Date,KOFR,CD91,WorkbookComp,basis_cd_kofr_bp,basis_chg_bp,KOFR_91d_fwd_comp,basis_cd_fwd91_bp
2025-07-01,2.581,2.54,2.5809999999990563,-4.0999999999999925,,2.5147953873859916,2.5204612614008415
2025-07-02,2.524,2.51,2.5525892389572924,-1.4000000000000234,2.699999999999969,2.5143862736638734,-0.43862736638735633
2025-07-03,2.519,2.51,2.5415102683887434,-0.9000000000000341,0.49999999999998934,2.5149170160804295,-0.49170160804297147
2025-07-04,2.484,2.51,2.513014577132544,2.59999999999998,3.500000000000014,2.515093930475899,-0.5093930475899011
2025-07-07,2.495,2.51,2.5105883061461918,1.499999999999968,-1.100000000000012,2.5167796075272535,-0.6779607527253706
2025-07-08,2.494,2.5,2.508664870106134,0.5999999999999783,-0.8999999999999897,2.51721411104089,-1.721411104088988
2025-07-09,2.503,2.51,2.508188357919266,0.6999999999999673,0.09999999999998899,2.5176577267253877,-0.7657726725387892
2025-07-10,2.503,2.52,2.507824322015262,1.6999999999999904,1.000000000000023,2.5179998824610257,0.2000117538974333
2025-07-11,2.533,2.52,2.514035715712908,-1.29999999999999,-2.9999999999999805,2.518340093495164,0.16599065048361616
2025-07-14,2.503,2.51,2.5134075368178275,0.6999999999999673,1.9999999999999574,2.5183732606100695,-0.837326061006971
2025-07-15,2.523,2.51,2.5142091870224537,-1.3000000000000345,-2.0000000000000018,2.5188155505803858,-0.8815550580385967
2025-07-16,2.492,2.51,2.512982039442176,1.7999999999999794,3.100000000000014,2.5190256384315184,-0.9025638431518601
2025-07-17,2.463,2.51,2.5102015191463627,4.699999999999971,2.8999999999999915,2.5192578411111684,-0.9257841111168563
2025-07-18,2.465,2.52,2.5038535789238647,5.500000000000016,0.8000000000000451,2.5196227315363373,0.03772684636627055
2025-07-21,2.485,2.51,2.503118139774541,2.499999999999991,-3.000000000000025,2.520949427754151,-1.0949427754151309
2025-07-22,2.483,2.52,2.502366219459898,3.699999999999992,1.200000000000001,2.5212590328620577,-0.12590328620576408
2025-07-23,2.474,2.51,2.501295143555421,3.599999999999959,-0.1000000000000334,2.5218008422465816,-1.1800842246581844
2025-07-24,2.485,2.51,2.5007793773272797,2.499999999999991,-1.0999999999999677,2.5222320789724706,-1.2232078972470806
2025-07-25,2.465,2.51,2.497254259627213,4.499999999999993,2.0000000000000018,2.5226301439480516,-1.2630143948051842
2025-07-28,2.496,2.51,2.497374136811908,1.399999999999979,-3.100000000000014,2.5245207001447416,-1.4520700144741827
2025-07-29,2.493,2.51,2.4973879967179826,1.6999999999999904,0.30000000000001137,2.525018284035339,-1.5018284035339224
2025-07-30,2.493,2.51,2.4974066193479714,1.6999999999999904,0.0,2.525560098317552,-1.5560098317552118
2025-07-31,2.496,2.51,2.4975265170071763,1.399999999999979,-0.30000000000001137,2.526101913327311,-1.6101913327311035
2025-08-01,2.533,2.51,2.5011306154856183,-2.300000000000013,-3.699999999999992,2.5260797984013608,-1.6079798401360978
2025-08-04,2.475,2.5,2.5005487780499522,2.499999999999991,4.800000000000004,2.5250515981290107,-2.50515981290107
2025-08-05,2.485,2.5,2.5002823814222443,1.5000000000000124,-0.9999999999999787,2.525670814808131,-2.567081480813105
2025-08-06,2.528,2.5,2.50119999621452,-2.8000000000000025,-4.300000000000015,2.525737159536285,-2.573715953628497
2025-08-07,2.529,2.5,2.5021003169971694,-2.8999999999999915,-0.09999999999998899,2.5254164936770174,-2.541649367701737
2025-08-08,2.474,2.5,2.500515751446784,2.59999999999998,5.499999999999972,2.5250847706467643,-2.5084770646764287
2025-08-11,2.534,2.5,2.50148245963705,-3.399999999999981,-5.999999999999961,2.5257812950714227,-2.5781295071422683
2025-08-12,2.514,2.5,2.501941852280055,-1.399999999999979,2.0000000000000018,2.525670720643485,-2.567072064348519
2025-08-13,2.524,2.51,2.5026122527438512,-1.4000000000000234,-4.440892098500626e-14,2.525869754668528,-1.5869754668528024
2025-08-14,2.513,2.5,2.504109676526654,-1.29999999999999,0.1000000000000334,2.5259582142550348,-2.595821425503475
2025-08-18,2.504,2.51,2.5042757211209827,0.5999999999999783,1.8999999999999684,2.526583083142924,-1.6583083142924337
2025-08-19,2.492,2.52,2.504197764013476,2.8000000000000025,2.200000000000024,2.526782117672502,-0.6782117672501808
2025-08-20,2.461,2.52,2.5035162830294526,5.900000000000016,3.100000000000014,2.527014324815041,-0.701432481504094
2025-08-21,2.443,2.52,2.5025168500862147,7.699999999999996,1.7999999999999794,2.5275671997504685,-0.756719975046849
2025-08-22,2.447,2.53,2.4999645191660615,8.299999999999974,0.5999999999999783,2.528219593389391,0.17804066106088534
2025-08-25,2.495,2.53,2.500043703452615,3.49999999999997,-4.800000000000004,2.53040869201221,-0.040869201221038765
2025-08-26,2.495,2.53,2.5001231126956514,3.49999999999997,0.0,2.530718304291465,-0.07183042914653548
2025-08-27,2.504,2.53,2.500358513715091,2.59999999999998,-0.8999999999999897,2.531038974398181,-0.1038974398181125
2025-08-28,2.494,2.53,2.5004186930089105,3.599999999999959,0.9999999999999787,2.5312490687211713,-0.12490687211714757
2025-08-29,2.475,2.53,2.49967279112406,5.499999999999972,1.9000000000000128,2.5317798337476813,-0.17798337476815362
2025-09-01,2.523,2.53,2.5002131072536016,0.6999999999999673,-4.800000000000004,2.5337035996252277,-0.3703599625227927
2025-09-02,2.495,2.53,2.5002998870406103,3.49999999999997,2.8000000000000025,2.53380311859377,-0.38031185937703604
2025-09-03,2.505,2.53,2.500541152457226,2.499999999999991,-0.9999999999999787,2.534212252545931,-0.4212252545931161
2025-09-04,2.504,2.56,2.500762504060968,5.600000000000005,3.100000000000014,2.5343117716894796,2.5688228310520422
2025-09-05,2.524,2.57,2.5022690622774237,4.599999999999982,-1.000000000000023,2.534322829374709,3.5677170625290966
2025-09-08,2.56,2.56,2.503266784404298,0.0,-4.599999999999982,2.5340574817538815,2.5942518246118595
2025-09-09,2.524,2.54,2.5037294660731035,1.6000000000000014,1.6000000000000014,2.533548829317141,0.6451170682859164
2025-09-10,2.584,2.55,2.5050191231168872,-3.4000000000000252,-5.000000000000027,2.5336594059037596,1.6340594096240224
2025-09-11,2.584,2.54,2.506275965227567,-4.400000000000004,-0.9999999999999787,2.533504598894621,0.6495401105378829
2025-09-12,2.55,2.54,2.508506466893183,-0.9999999999999787,3.4000000000000252,2.5333387343053464,0.666126569465364
2025-09-15,2.532,2.54,2.508983332530873,0.8000000000000007,1.7999999999999794,2.5334382392081727,0.6561760791827354
2025-09-16,2.542,2.56,2.5095791181670113,1.8000000000000238,1.000000000000023,2.533659392271864,2.6340607728136067
2025-09-17,2.522,2.57,2.5099075511660134,4.800000000000004,2.9999999999999805,2.533758911178241,3.6241088821758805
2025-09-18,2.512,2.56,2.510104284219457,4.800000000000004,0.0,2.533869487828093,2.6130512171906872
2025-09-19,2.514,2.57,2.510745009553326,5.600000000000005,0.8000000000000007,2.5340906412491897,3.590935875081014
2025-09-22,2.534,2.56,2.5111940871995437,2.6000000000000245,-2.9999999999999805,2.534687673543203,2.531232645679715
2025-09-23,2.552,2.58,2.511847668334515,2.8000000000000025,0.19999999999997797,2.5347761350379487,4.522386496205133
2025-09-24,2.552,2.58,2.5124881366689977,2.8000000000000025,0.0,2.5348867118755436,4.511328812445647
2025-09-25,2.533,2.59,2.512896260870632,5.699999999999994,2.8999999999999915,2.5350083464310535,5.499165356894631
2025-09-26,2.543,2.58,2.514407440925279,3.699999999999992,-2.0000000000000018,2.535338087374226,4.4661912625774125
2025-09-29,2.534,2.57,2.514795387385368,3.600000000000003,-0.09999999999998899,2.5356697722169863,3.4330227783013534
2025-09-30,2.544,2.57,2.51528620142704,2.59999999999998,-1.000000000000023,2.535990445914676,3.4009554085324023
2025-10-01,2.572,2.56,2.5160713629324687,-1.200000000000001,-3.799999999999981,2.536200542584624,2.3799457415376146
2025-10-02,2.535,2.55,2.5188579011820527,1.499999999999968,2.699999999999969,2.536089965417233,1.3910034582766961
2025-10-10,2.534,2.55,2.5198041719815523,1.6000000000000014,0.1000000000000334,2.541355178245254,0.8644821754745902
2025-10-13,2.543,2.54,2.5201989705129795,-0.30000000000001137,-1.9000000000000128,2.5416868682775586,-0.16868682775585953
2025-10-14,2.542,2.54,2.5205785011109723,-0.19999999999997797,0.1000000000000334,2.5419964888002893,-0.19964888002892422
2025-10-15,2.513,2.54,2.5206795922310485,2.7000000000000135,2.8999999999999915,2.542427746300656,-0.24277463006558975
2025-10-16,2.496,2.54,2.5206218544897316,4.400000000000004,1.6999999999999904,2.5431686259502007,-0.3168625950200621
2025-10-17,2.505,2.54,2.5207045878090057,3.500000000000014,-0.8999999999999897,2.5441970135013574,-0.4197013501357372
2025-10-20,2.513,2.54,2.5208077960880564,2.7000000000000135,-0.8000000000000007,2.5462535110817,-0.6253511081700136
2025-10-21,2.532,2.54,2.5210801627266743,0.8000000000000007,-1.9000000000000128,2.5467400635224626,-0.6740063522462592
2025-10-22,2.513,2.54,2.521181336164121,2.7000000000000135,1.9000000000000128,2.5469169918046326,-0.6916991804632566
2025-10-23,2.521,2.54,2.52135237931338,1.9000000000000128,-0.8000000000000007,2.5473150808192537,-0.7315080819253694
2025-10-24,2.522,2.54,2.5218782019177115,1.8000000000000238,-0.09999999999998899,2.5477352862130465,-0.7735286213046422
2025-10-27,2.541,2.54,2.5222129781457214,-0.09999999999998899,-1.9000000000000128,2.5480669818159027,-0.8066981815902707
2025-10-28,2.542,2.55,2.5225520627756968,0.8000000000000007,0.8999999999999897,2.548387665300955,0.16123346990446485
2025-10-29,2.542,2.55,2.522887017828353,0.8000000000000007,0.0,2.5487857554504023,0.12142445495975096
2025-10-30,2.494,2.56,2.522821211755214,6.599999999999984,5.799999999999983,2.5488410458034,1.1158954196599957
2025-10-31,2.502,2.55,2.522827854040541,4.800000000000004,-1.7999999999999794,2.548863161976751,0.11368380232488207
2025-11-03,2.531,2.56,2.5230662630402985,2.8999999999999915,-1.9000000000000128,2.5492280287584936,1.0771971241506417
2025-11-04,2.491,2.57,2.5229846075802,7.899999999999974,4.999999999999982,2.5494602485653597,2.053975143464015
2025-11-05,2.499,2.57,2.5229686163595444,7.099999999999973,-0.8000000000000007,2.550223257778347,1.977674222165282
2025-11-06,2.499,2.58,2.5229542110330243,8.099999999999996,1.000000000000023,2.55067664082235,2.9323359177650055
2025-11-07,2.495,2.6,2.5228245078729103,10.499999999999998,2.400000000000002,2.551130024375431,4.886997562456896
2025-11-10,2.524,2.6,2.5230064895102036,7.600000000000007,-2.8999999999999915,2.5529543695781665,4.704563042183363
2025-11-11,2.532,2.6,2.5232473197507166,6.800000000000006,-0.8000000000000007,2.553241882525043,4.675811747495695
2025-11-12,2.532,2.61,2.52348589516739,7.799999999999985,0.9999999999999787,2.55344093004821,5.655906995178972
2025-11-13,2.512,2.7,2.52357383420104,18.80000000000002,11.000000000000034,2.553971723704096,14.60282762959042
2025-11-14,2.532,2.72,2.5242695389897962,18.80000000000002,0.0,2.55472368278421,16.527631721579006
2025-11-17,2.522,2.74,2.5244264988152163,21.80000000000004,3.0000000000000213,2.5553539148222724,18.464608517772785
2025-11-18,2.513,2.74,2.5245180321920664,22.70000000000003,0.8999999999999915,2.555668690759041,18.43313092409593
2025-11-19,2.511,2.75,2.5245952847405313,23.899999999999988,1.1999999999999567,2.5560810208119866,19.391897918801337
2025-11-20,2.502,2.76,2.52460912139503,25.8,1.9000000000000128,2.556513497521836,20.34865024781638
2025-11-21,2.513,2.76,2.524881315847105,24.69999999999999,-1.100000000000012,2.557055353949451,20.294464605054863
2025-11-24,2.523,2.76,2.5250418586116896,23.699999999999967,-1.0000000000000213,2.557984123766663,20.201587623333683
2025-11-25,2.524,2.76,2.5252082476141675,23.599999999999977,-0.09999999999999076,2.558072590393687,20.192740960631284
2025-11-26,2.523,2.76,2.5253668063753283,23.699999999999967,0.09999999999999076,2.5581499987070613,20.18500012929385
2025-11-27,2.542,2.8,2.5256523980553514,25.8,2.1000000000000334,2.5583490486994687,24.165095130053118
2025-11-28,2.533,2.8,2.5263119785547707,26.69999999999999,0.8999999999999879,2.55845963202513,24.154036797486977
2025-12-01,2.532,2.8,2.5265230256883906,26.79999999999998,0.09999999999999076,2.559421573959049,24.05784260409507
2025-12-02,2.532,2.8,2.5267324948236736,26.79999999999998,0.0,2.5597473602432506,24.025263975674925
2025-12-03,2.514,2.81,2.526823793697982,29.600000000000026,2.800000000000047,2.5600569947135123,24.994300528648772
2025-12-04,2.505,2.81,2.5268571003435105,30.500000000000014,0.8999999999999879,2.5603334544102614,24.966654558973865
2025-12-05,2.516,2.83,2.527166272285808,31.400000000000006,0.8999999999999915,2.5603998047995433,26.960019520045677
2025-12-08,2.514,2.83,2.527257475965386,31.60000000000003,0.20000000000002416,2.559835904305632,27.016409569436828
2025-12-09,2.534,2.83,2.5274734674195978,29.600000000000026,-2.0000000000000036,2.55957050314207,27.042949685792994
2025-12-10,2.57,2.83,2.5279112364325536,26.00000000000002,-3.600000000000005,2.559858020722745,27.014197927725505
2025-12-11,2.569,2.83,2.528338616171412,26.100000000000012,0.09999999999999076,2.559813787261079,27.018621273892094
2025-12-12,2.553,2.83,2.5293026399569554,27.700000000000014,1.6000000000000014,2.559769553802708,27.02304461972922
2025-12-15,2.552,2.83,2.529613533948798,27.800000000000004,0.09999999999999076,2.560001747055606,26.999825294439404
2025-12-16,2.551,2.84,2.529915830686065,28.89999999999997,1.099999999999966,2.559857988181951,28.014201181804886
2025-12-17,2.532,2.84,2.5301025580677137,30.799999999999983,1.9000000000000128,2.559614704015739,28.0385295984261
2025-12-18,2.532,2.84,2.5302881406961846,30.799999999999983,0.0,2.5594709452017557,28.052905479824418
2025-12-19,2.532,2.85,2.5308351538191913,31.800000000000004,1.0000000000000213,2.5591060191121255,29.089398088787455
2025-12-22,2.542,2.85,2.5310742028244033,30.800000000000026,-0.9999999999999787,2.55870797350331,29.129202649669004
2025-12-23,2.562,2.85,2.531426568751521,28.800000000000026,-2.0,2.558475748312566,29.15242516874339
2025-12-24,2.563,2.86,2.5321328413045587,29.69999999999997,0.8999999999999453,2.5580223567818594,30.19776432181405
2025-12-26,2.553,2.87,2.533001230866938,31.700000000000017,2.000000000000046,2.557327673135371,31.26723268646292
2025-12-29,2.563,2.87,2.533342947251601,30.699999999999996,-1.0000000000000213,2.5565979273272172,31.340207267278288
2025-12-30,2.563,2.87,2.5336819248362112,30.699999999999996,0.0,2.5561334796401174,31.38665203598827
2025-12-31,2.562,2.81,2.5343399082139877,24.800000000000022,-5.899999999999974,2.5555695080975633,25.44304919024367
2026-01-02,2.687,2.77,2.5373267492429425,8.300000000000018,-16.500000000000004,2.5555825546889825,21.441744531101747
2026-01-05,2.543,2.76,2.5375326097886086,21.699999999999964,13.399999999999945,2.54904811288856,21.095188711143997
2026-01-06,2.522,2.75,2.5376252694802535,22.80000000000002,1.1000000000000547,2.5484620347816267,20.15379652183733
2026-01-07,2.532,2.72,2.537770930877188,18.80000000000002,-4.0,2.5480860604760904,17.191393952390975
2026-01-08,2.532,2.7,2.5379160018672446,16.800000000000015,-2.0000000000000036,2.547433635262695,15.2566364737305
2026-01-09,2.544,2.7,2.5385321055246215,15.600000000000014,-1.200000000000001,2.546792269139569,15.320773086043138
2026-01-12,2.571,2.69,2.5388756557799694,11.899999999999977,-3.7000000000000366,2.545432322806106,14.456767719389374
2026-01-13,2.581,2.69,2.5392681034296873,10.899999999999999,-0.9999999999999787,2.545100583708027,14.4899416291973
2026-01-14,2.58,2.69,2.5396524015659736,10.999999999999988,0.09999999999998899,2.5446472074361974,14.535279256380251
2026-01-15,2.589,2.68,2.5400796155862415,9.10000000000002,-1.8999999999999684,2.5438731512362684,13.612684876373171
2026-01-16,2.567,2.68,2.541007386041142,11.299999999999999,2.1999999999999797,2.5427784169786265,13.722158302137366
2026-01-19,2.557,2.68,2.5412633002456713,12.300000000000022,1.000000000000023,2.539760035226671,14.0239964773329
2026-01-20,2.548,2.68,2.5414728547360617,13.200000000000012,0.8999999999999897,2.539251375561849,14.074862443815128
2026-01-21,2.549,2.68,2.541686192059247,13.100000000000023,-0.09999999999998899,2.538952814756382,14.104718524361815
2026-01-22,2.559,2.68,2.541947571213088,12.1,-1.000000000000023,2.538632138582506,14.136786141749402
2026-01-23,2.532,2.69,2.542326193419923,15.799999999999992,3.699999999999992,2.538189827090751,15.181017290924892
2026-01-26,2.57,2.7,2.5426361286591317,13.000000000000034,-2.799999999999958,2.537858139604724,16.2141860395276
2026-01-27,2.578,2.71,2.542982465561212,13.200000000000012,0.19999999999997797,2.537537464484895,17.246253551510506
2026-01-28,2.547,2.7,2.543178030566978,15.300000000000002,2.0999999999999908,2.537227847441187,16.277215255881305
2026-01-29,2.496,2.72,2.543129632551107,22.40000000000002,7.100000000000017,2.536940345877127,18.30596541228733
2026-01-30,2.513,2.73,2.5432291481017977,21.70000000000001,-0.70000000000001,2.5371062122777412,19.289378772225874
2026-02-02,2.552,2.74,2.54344656434874,18.80000000000002,-2.8999999999999915,2.537034145584996,20.296585441500437
2026-02-03,2.56,2.74,2.5437000689153564,18.000000000000014,-0.8000000000000043,2.536901452637285,20.30985473627154
2026-02-04,2.54,2.75,2.543859378990635,20.999999999999996,2.9999999999999822,2.5366783434584614,21.332165654153854
2026-02-05,2.54,2.75,2.5440180564358257,20.999999999999996,0.0,2.536744689895535,21.325531010446497
2026-02-06,2.55,2.78,2.544624556246519,23.0,2.0000000000000036,2.5367889208605305,24.321107913946925
2026-02-09,2.55,2.78,2.5448255352644953,23.0,0.0,2.536092380588296,24.390761941170382
2026-02-10,2.55,2.78,2.5450255318926494,23.0,0.0,2.535970745663269,24.40292543367306
2026-02-11,2.58,2.78,2.5453593851363445,19.99999999999997,-3.0000000000000284,2.535970745663536,24.402925433646374
2026-02-12,2.58,2.78,2.5456911129249713,19.99999999999997,0.0,2.535639014422582,24.43609855774178
2026-02-13,2.551,2.78,2.546867849159304,22.899999999999963,2.8999999999999915,2.534964494787411,24.503550521258877
2026-02-19,2.551,2.78,2.54706274887346,22.899999999999963,0.0,2.532577727239551,24.742227276044872
2026-02-20,2.541,2.79,2.547511223953813,24.900000000000013,2.0000000000000497,2.53210224941334,25.78977505866602
2026-02-23,2.531,2.8,2.547617757543195,26.89999999999997,1.9999999999999574,2.5314057167137674,26.859428328623245
2026-02-24,2.531,2.8,2.5477241461188083,26.89999999999997,0.0,2.531278312812408,26.87216871875919
2026-02-25,2.541,2.8,2.5478727533097922,25.89999999999999,-0.9999999999999787,2.531267255217666,26.873274478233398
2026-02-26,2.552,2.81,2.54806728131617,25.8,-0.09999999999999076,2.531256197626753,27.874380237324694
2026-02-27,2.562,2.81,2.5489984875740643,24.800000000000022,-0.9999999999999787,2.5312340824525874,27.876591754741263
2026-03-03,2.56,2.81,2.5492212614971166,25.0,0.19999999999997797,2.5304218972754136,27.95781027245865
2026-03-04,2.539,2.81,2.5493564899658527,27.09999999999999,2.0999999999999908,2.530189688471248,27.981031152875204
2026-03-05,2.511,2.81,2.549376501272794,29.89999999999999,2.8000000000000007,2.530187735654433,27.981226434556696
2026-03-06,2.499,2.81,2.549291768059553,31.099999999999994,1.2000000000000028,2.5303867719234776,27.961322807652245
2026-03-09,2.49,2.84,2.5492297037333893,34.999999999999964,3.89999999999997,2.5310501358695854,30.894986413041448
2026-03-10,2.56,2.83,2.5494503626624376,27.0,-7.9999999999999645,2.5312602302786984,29.873976972130166
2026-03-11,2.566,2.83,2.549694042938512,26.400000000000023,-0.5999999999999766,2.530707351026799,29.92926489732013
2026-03-12,2.565,2.83,2.5499325407734403,26.500000000000014,0.09999999999999076,2.530696293458597,29.930370654140326
2026-03-13,2.56,2.83,2.550579899239306,27.0,0.4999999999999858,2.5307847540033204,29.92152459966797
2026-03-16,2.539,2.82,2.5507119267050857,28.09999999999997,1.0999999999999694,2.530618913685091,28.938108631490866
2026-03-17,2.529,2.83,2.5508044724421746,30.100000000000016,2.000000000000046,2.530740546997208,29.92594530027919
2026-03-18,2.519,2.83,2.550857982192547,31.099999999999994,0.9999999999999787,2.530884295539511,29.911570446048906
2026-03-19,2.499,2.83,2.550834030787064,33.099999999999994,2.0,2.5311054472824153,29.88945527175848
2026-03-20,2.52,2.81,2.551007322243275,29.000000000000004,-4.099999999999991,2.5314482328596943,27.85517671403057
2026-03-23,2.521,2.81,2.551070044608576,28.900000000000013,-0.09999999999999076,2.5317799151330203,27.82200848669798
2026-03-24,2.521,2.81,2.5511329613628337,28.900000000000013,0.0,2.5319900097436796,27.800999025632045
2026-03-25,2.532,2.82,2.551237881117702,28.799999999999983,-0.10000000000002984,2.5323106806322704,28.768931936772944
2026-03-26,2.531,2.82,2.551338898829547,28.89999999999997,0.09999999999998721,2.5325097178335256,28.74902821664742
2026-03-27,2.531,2.82,2.5516394672876372,28.89999999999997,0.0,2.5326092364863433,28.739076351365654
2026-03-30,2.521,2.82,2.551702827139747,29.89999999999999,1.0000000000000213,2.5329077511207236,28.70922488792762
2026-03-31,2.512,2.82,2.5517328984693557,30.799999999999983,0.8999999999999915,2.533228422738641,28.677157726135903
2026-04-01,2.584,2.82,2.5520302251867246,23.599999999999977,-7.200000000000006,2.5336596712249686,28.634032877503124
2026-04-02,2.541,2.82,2.5521672801501243,27.89999999999999,4.300000000000015,2.5338697664514918,28.61302335485081
2026-04-03,2.49,2.82,2.5520155186878113,32.999999999999964,5.099999999999973,2.5338587087889732,28.61412912110266
2026-04-06,2.49,2.82,2.5519675093207836,32.999999999999964,0.0,2.534389404903255,28.561059509674493
2026-04-07,2.488,2.82,2.5519132011801426,33.19999999999999,0.20000000000002416,2.5339360395325072,28.60639604674926
2026-04-08,2.473,2.81,2.551805654868589,33.70000000000002,0.5000000000000284,2.533449501605976,27.655049839402412
2026-04-09,2.474,2.82,2.5517030755322234,34.599999999999966,0.8999999999999488,2.53339421324921,28.660578675078963
2026-04-10,2.503,2.82,2.551711649360634,31.699999999999974,-2.8999999999999915,2.5333168095623315,28.668319043766832
2026-04-13,2.541,2.82,2.5518513486588446,27.89999999999999,-3.799999999999983,2.533250472707957,28.674952729204286
2026-04-14,2.54,2.82,2.5519871624307293,27.99999999999998,0.09999999999998721,2.533272587998526,28.672741200147378
2026-04-15,2.51,2.81,2.552016763705918,30.00000000000003,2.0000000000000497,2.5334937409231024,27.650625907689765
2026-04-16,2.49,2.82,2.5519764089499564,32.999999999999964,2.999999999999936,2.534201431250794,28.579856874920573
2026-04-17,2.476,2.82,2.5517125206561566,34.399999999999984,1.40000000000002,2.534820661712769,28.517933828723095
2026-04-20,2.511,2.81,2.551748989446285,29.89999999999999,-4.499999999999993,2.5371365753385504,27.286342466144966
2026-04-21,2.521,2.82,2.5518204035991383,29.89999999999999,0.0,2.5397683224247687,28.023167757523115
2026-04-22,2.52,2.83,2.551888487508485,31.000000000000007,1.1000000000000156,2.541725558323421,28.827444167657923
2026-04-23,2.519,2.83,2.551953274142647,31.099999999999994,0.09999999999998721,2.54348376185652,28.651623814348028
2026-04-24,2.522,2.82,2.552177439967994,29.800000000000004,-1.29999999999999,2.545219857231656,27.478014276834408
2026-04-27,2.541,2.82,2.5523173888419395,27.89999999999999,-1.9000000000000128,2.550062582846233,26.99374171537667
2026-04-28,2.55,2.82,2.55248743751464,27.0,-0.8999999999999915,,
2026-04-29,2.521,2.82,2.552559233203532,29.89999999999999,2.8999999999999915,,
2026-04-30,2.511,2.81,2.5527110012771113,29.89999999999999,0.0,,
2026-05-04,2.54,2.81,2.5529817112895947,27.0,-2.8999999999999915,,
2026-05-06,2.546,2.82,2.5531366944086282,27.400000000000002,0.40000000000000213,,
2026-05-07,2.544,2.82,2.5532846939132487,27.59999999999998,0.19999999999997797,,
2026-05-08,2.529,2.81,2.5535783372941823,28.100000000000016,0.5000000000000355,,
2026-05-11,2.539,2.81,2.55370912405686,27.09999999999999,-1.0000000000000249,,
2026-05-12,2.55,2.81,2.5538752315500015,26.00000000000002,-1.0999999999999694,,
2026-05-13,2.55,2.81,2.5540408654214866,26.00000000000002,0.0,,
2026-05-14,2.519,2.81,2.554106383538665,29.099999999999994,3.099999999999973,,
2026-05-15,2.518,2.81,2.5542925956192293,29.200000000000024,0.10000000000002984,,
2026-05-18,2.519,2.81,2.5543587250073316,29.099999999999994,-0.10000000000002984,,
2026-05-19,2.509,2.81,2.5543933378274297,30.100000000000016,1.0000000000000213,,
2026-05-20,2.506,2.82,2.554418812730522,31.400000000000006,1.29999999999999,,
2026-05-21,2.508,2.81,2.554450965617963,30.200000000000003,-1.2000000000000028,,
2026-05-22,2.52,2.81,2.554728980389438,29.000000000000004,-1.1999999999999993,,
2026-05-26,2.53,2.84,2.554830588689746,31.000000000000007,2.0000000000000036,,
2026-05-27,2.54,2.85,2.5549630343721796,31.000000000000007,0.0,,
2026-05-28,2.55,2.85,2.55512604524811,30.00000000000003,-0.9999999999999787,,
2026-05-29,2.538,2.86,2.555500910781421,32.2,2.1999999999999744,,
2026-06-01,2.56,2.86,2.555693002622395,29.999999999999982,-2.2000000000000206,,
2026-06-02,2.539,2.87,2.5559476799876606,33.099999999999994,3.100000000000012,,
2026-06-04,2.529,2.87,2.5560447615627253,34.10000000000002,1.0000000000000284,,
2026-06-05,2.519,2.88,2.5562443716619048,36.09999999999998,1.9999999999999574,,
2026-06-08,2.509,2.92,2.5562818362165816,41.1,5.000000000000021,,
2026-06-09,2.51,2.91,2.556322573131163,40.000000000000036,-1.099999999999966,,
2026-06-10,2.565,2.94,2.5565268473313973,37.5,-2.5000000000000355,,
2026-06-11,2.573,2.95,2.5567541543713044,37.700000000000024,0.20000000000002416,,
2026-06-12,2.555,2.92,2.5572713787086676,36.49999999999998,-1.2000000000000455,,
2026-06-15,2.55,2.92,2.5574287515728984,37.000000000000014,0.5000000000000355,,
2026-06-16,2.542,2.92,2.5575623967298116,37.80000000000001,0.7999999999999972,,
2026-06-17,2.539,2.93,2.557687065471582,39.1,1.29999999999999,,
2026-06-18,2.53,2.92,2.5577854158851183,39.000000000000014,-0.09999999999998721,,
2026-06-19,2.53,2.92,2.558078666207702,39.000000000000014,0.0,,
2026-06-22,2.54,2.92,2.55820554128821,37.999999999999986,-1.0000000000000284,,
2026-06-23,2.55,2.92,2.558360845501692,37.000000000000014,-0.9999999999999716,,
2026-06-24,2.55,2.92,2.558515793168727,37.000000000000014,0.0,,
2026-06-25,2.54,2.92,2.558641910502094,37.999999999999986,0.9999999999999716,,
2026-06-26,2.54,2.92,2.5590175908891966,37.999999999999986,0.0,,
2026-06-29,2.55,2.92,2.5591711068131326,37.000000000000014,-0.9999999999999716,,
2026-06-30,2.551,2.92,2.5593270917079414,36.89999999999998,-0.10000000000003695,,
2026-07-01,2.603,2.92,2.5596284364961734,31.699999999999974,-5.200000000000003,,
2026-07-02,2.54,2.92,2.5597525897601403,37.999999999999986,6.300000000000011,,
2026-07-03,2.506,2.92,2.5598397219445213,41.40000000000001,3.400000000000027,,
2026-07-06,2.449,2.92,2.559712254360887,47.10000000000001,5.699999999999996,,
2026-07-07,2.444,2.91,2.5595721347004132,46.60000000000002,-0.4999999999999858,,
2026-07-08,2.468,2.91,2.5594992381578963,44.20000000000002,-2.4000000000000057,,
2026-07-09,2.467,2.91,2.55942444553983,44.300000000000004,0.09999999999998721,,
2026-07-10,2.501,2.9,2.5594814623965885,39.900000000000006,-4.399999999999999,,
2026-07-13,2.543,2.9,2.5596157111213014,35.699999999999974,-4.200000000000031,,
2026-07-14,2.56,2.9,2.559795775130793,33.999999999999986,-1.6999999999999886,,
2026-07-15,2.574,2.9,2.5600131978227076,32.60000000000001,-1.3999999999999773,,
2026-07-16,2.546,2.91,2.5605740653592615,36.400000000000034,3.8000000000000256,,
2026-07-20,2.749,2.91,2.5612558322738335,16.1,-20.300000000000033,,
2026-07-21,2.698,2.91,2.5617989237205343,21.200000000000017,5.100000000000016,,
2026-07-22,2.679,2.91,2.562289312038155,23.10000000000003,1.9000000000000128,,
2026-07-23,2.676,2.91,2.562769751077112,23.4,0.29999999999996874,,
2026-07-24,2.668,2.91,2.564134816205724,24.2,0.8000000000000007,,
2026-07-27,2.672,2.92,2.564597212360743,24.799999999999976,0.5999999999999766,,
