series_id,date,event_type,revision_vintage_date,previous_vintage_date,previous_value,revised_value,revision_delta
ADPMNUSNERSA,2026-01-01,initial_or_first_available_in_window,2026-02-04,,,132281000.0,
ADPMNUSNERSA,2026-01-01,revision,2026-03-04,2026-02-04,132281000.0,132270000.0,-11000.0
ADPMNUSNERSA,2026-02-01,initial_or_first_available_in_window,2026-03-04,,,132333000.0,
ADPMNUSNERSA,2026-02-01,revision,2026-04-01,2026-03-04,132333000.0,132336000.0,3000.0
ADPMNUSNERSA,2026-03-01,initial_or_first_available_in_window,2026-04-01,,,132398000.0,
ADPMNUSNERSA,2026-03-01,revision,2026-05-06,2026-04-01,132398000.0,132397000.0,-1000.0
ADPMNUSNERSA,2026-04-01,initial_or_first_available_in_window,2026-05-06,,,132506000.0,
ADPMNUSNERSA,2026-04-01,revision,2026-06-03,2026-05-06,132506000.0,132502000.0,-4000.0
ADPMNUSNERSA,2026-05-01,initial_or_first_available_in_window,2026-06-03,,,132624000.0,
ADPMNUSNERSA,2026-06-01,initial_or_first_available_in_window,2026-07-01,,,132722000.0,
ADPMNUSNERSA,2026-06-01,revision,2026-08-05,2026-07-01,132722000.0,132719000.0,-3000.0
ADPMNUSNERSA,2026-07-01,initial_or_first_available_in_window,2026-08-05,,,132763000.0,
ICSA,2026-01-03,initial_or_first_available_in_window,2026-01-08,,,208000,
ICSA,2026-01-03,revision,2026-01-15,2026-01-08,208000,207000,-1000.0
ICSA,2026-01-10,initial_or_first_available_in_window,2026-01-15,,,198000,
ICSA,2026-01-10,revision,2026-01-22,2026-01-15,198000,199000,1000.0
ICSA,2026-01-10,revision,2026-03-19,2026-03-12,199000,201000,2000.0
ICSA,2026-01-17,initial_or_first_available_in_window,2026-01-22,,,200000,
ICSA,2026-01-17,revision,2026-01-29,2026-01-22,200000,210000,10000.0
ICSA,2026-01-24,initial_or_first_available_in_window,2026-01-29,,,209000,
ICSA,2026-01-24,revision,2026-03-19,2026-03-12,209000,211000,2000.0
ICSA,2026-01-31,initial_or_first_available_in_window,2026-02-05,,,231000,
ICSA,2026-01-31,revision,2026-02-12,2026-02-05,231000,232000,1000.0
ICSA,2026-01-31,revision,2026-03-19,2026-03-12,232000,230000,-2000.0
ICSA,2026-02-07,initial_or_first_available_in_window,2026-02-12,,,227000,
ICSA,2026-02-07,revision,2026-02-19,2026-02-12,227000,229000,2000.0
ICSA,2026-02-07,revision,2026-03-19,2026-03-12,229000,230000,1000.0
ICSA,2026-02-14,initial_or_first_available_in_window,2026-02-19,,,206000,
ICSA,2026-02-14,revision,2026-02-26,2026-02-19,206000,208000,2000.0
ICSA,2026-02-21,initial_or_first_available_in_window,2026-02-26,,,212000,
ICSA,2026-02-21,revision,2026-03-05,2026-02-26,212000,213000,1000.0
ICSA,2026-02-21,revision,2026-03-19,2026-03-12,213000,211000,-2000.0
ICSA,2026-02-28,initial_or_first_available_in_window,2026-03-05,,,213000,
ICSA,2026-02-28,revision,2026-03-12,2026-03-05,213000,214000,1000.0
ICSA,2026-03-07,initial_or_first_available_in_window,2026-03-12,,,213000,
ICSA,2026-03-14,initial_or_first_available_in_window,2026-03-19,,,205000,
ICSA,2026-03-21,initial_or_first_available_in_window,2026-03-26,,,210000,
ICSA,2026-03-21,revision,2026-04-02,2026-03-26,210000,211000,1000.0
ICSA,2026-03-28,initial_or_first_available_in_window,2026-04-02,,,202000,
ICSA,2026-03-28,revision,2026-04-09,2026-04-02,202000,203000,1000.0
ICSA,2026-04-04,initial_or_first_available_in_window,2026-04-09,,,219000,
ICSA,2026-04-04,revision,2026-04-16,2026-04-09,219000,218000,-1000.0
ICSA,2026-04-11,initial_or_first_available_in_window,2026-04-16,,,207000,
ICSA,2026-04-11,revision,2026-04-23,2026-04-16,207000,208000,1000.0
ICSA,2026-04-18,initial_or_first_available_in_window,2026-04-23,,,214000,
ICSA,2026-04-18,revision,2026-04-30,2026-04-23,214000,215000,1000.0
ICSA,2026-04-25,initial_or_first_available_in_window,2026-04-30,,,189000,
ICSA,2026-04-25,revision,2026-05-07,2026-04-30,189000,190000,1000.0
ICSA,2026-05-02,initial_or_first_available_in_window,2026-05-07,,,200000,
ICSA,2026-05-02,revision,2026-05-14,2026-05-07,200000,199000,-1000.0
ICSA,2026-05-09,initial_or_first_available_in_window,2026-05-14,,,211000,
ICSA,2026-05-09,revision,2026-05-21,2026-05-14,211000,212000,1000.0
ICSA,2026-05-16,initial_or_first_available_in_window,2026-05-21,,,209000,
ICSA,2026-05-16,revision,2026-05-28,2026-05-21,209000,210000,1000.0
ICSA,2026-05-23,initial_or_first_available_in_window,2026-05-28,,,215000,
ICSA,2026-05-23,revision,2026-06-04,2026-05-28,215000,212000,-3000.0
ICSA,2026-05-30,initial_or_first_available_in_window,2026-06-04,,,225000,
ICSA,2026-06-06,initial_or_first_available_in_window,2026-06-11,,,229000,
ICSA,2026-06-06,revision,2026-06-18,2026-06-11,229000,230000,1000.0
ICSA,2026-06-13,initial_or_first_available_in_window,2026-06-18,,,226000,
ICSA,2026-06-13,revision,2026-06-25,2026-06-18,226000,227000,1000.0
ICSA,2026-06-20,initial_or_first_available_in_window,2026-06-25,,,215000,
ICSA,2026-06-20,revision,2026-07-02,2026-06-25,215000,216000,1000.0
ICSA,2026-06-27,initial_or_first_available_in_window,2026-07-02,,,215000,
ICSA,2026-06-27,revision,2026-07-09,2026-07-02,215000,217000,2000.0
ICSA,2026-07-04,initial_or_first_available_in_window,2026-07-09,,,215000,
ICSA,2026-07-04,revision,2026-07-16,2026-07-09,215000,216000,1000.0
ICSA,2026-07-04,revision,2026-07-23,2026-07-16,216000,217000,1000.0
ICSA,2026-07-11,initial_or_first_available_in_window,2026-07-16,,,208000,
ICSA,2026-07-11,revision,2026-07-23,2026-07-16,208000,209000,1000.0
ICSA,2026-07-18,initial_or_first_available_in_window,2026-07-23,,,187000,
ICSA,2026-07-18,revision,2026-07-30,2026-07-23,187000,188000,1000.0
ICSA,2026-07-25,initial_or_first_available_in_window,2026-07-30,,,197000,
PAYEMS,2026-01-01,initial_or_first_available_in_window,2026-02-11,,,158627,
PAYEMS,2026-01-01,revision,2026-03-06,2026-02-11,158627,158558,-69.0
PAYEMS,2026-01-01,revision,2026-04-03,2026-03-06,158558,158592,34.0
PAYEMS,2026-02-01,initial_or_first_available_in_window,2026-03-06,,,158466,
PAYEMS,2026-02-01,revision,2026-04-03,2026-03-06,158466,158459,-7.0
PAYEMS,2026-02-01,revision,2026-05-08,2026-04-03,158459,158436,-23.0
PAYEMS,2026-03-01,initial_or_first_available_in_window,2026-04-03,,,158637,
PAYEMS,2026-03-01,revision,2026-05-08,2026-04-03,158637,158621,-16.0
PAYEMS,2026-03-01,revision,2026-06-05,2026-05-08,158621,158650,29.0
PAYEMS,2026-04-01,initial_or_first_available_in_window,2026-05-08,,,158736,
PAYEMS,2026-04-01,revision,2026-06-05,2026-05-08,158736,158829,93.0
PAYEMS,2026-04-01,revision,2026-07-02,2026-06-05,158829,158798,-31.0
PAYEMS,2026-05-01,initial_or_first_available_in_window,2026-06-05,,,159001,
PAYEMS,2026-05-01,revision,2026-07-02,2026-06-05,159001,158927,-74.0
PAYEMS,2026-06-01,initial_or_first_available_in_window,2026-07-02,,,158984,
