label,source,notes,frequency,scale_to_thousands,id,realtime_start,realtime_end,title,observation_start,observation_end,frequency_short,units,units_short,seasonal_adjustment,seasonal_adjustment_short,last_updated,popularity,series_id
"BLS all employees, total nonfarm",BLS via FRED/ALFRED,"All Employees: Total Nonfarm, commonly known as Total Nonfarm Payroll, is a measure of the number of U.S. workers in the economy that excludes proprietors, private household employees, unpaid volunteers, farm employees, and the unincorporated self-employed. This measure accounts for approximately 80 percent of the workers who contribute to Gross Domestic Product (GDP).

This measure provides useful insights into the current economic situation because it can represent the number of jobs added or lost in an economy. Increases in employment might indicate that businesses are hiring which might also suggest that businesses are growing. Additionally, those who are newly employed have increased their personal incomes, which means (all else constant) their disposable incomes have also increased, thus fostering further economic expansion.

Generally, the U.S. labor force and levels of employment and unemployment are subject to fluctuations due to seasonal changes in weather, major holidays, and the opening and closing of schools. The Bureau of Labor Statistics (BLS) adjusts the data to offset the seasonal effects to show non-seasonal changes: for example, women's participation in the labor force; or a general decline in the number of employees, a possible indication of a downturn in the economy. To closely examine seasonal and non-seasonal changes, the BLS releases two monthly statistical measures: the seasonally adjusted All Employees: Total Nonfarm (PAYEMS) and All Employees: Total Nonfarm (PAYNSA), which is not seasonally adjusted.

The series comes from the 'Current Employment Statistics (Establishment Survey).'

The source code is: CES0000000001",Monthly,1.0,PAYEMS,2026-07-22,2026-07-22,"All Employees, Total Nonfarm",1939-01-01,2026-06-01,M,Thousands of Persons,Thous. of Persons,Seasonally Adjusted,SA,2026-07-02 08:31:46-05,84,PAYEMS
ADP total nonfarm private payroll employment,ADP via FRED/ALFRED,The current year’s January report reflects the scheduled annual revision of the ADP National Employment Report (NER). The data series has been reweighted to match annual Quarterly Census of Employment and Wages (QCEW) benchmark data through March of the previous year. This is a recurring process that happens every year in February and is a common practice for reports of this nature. More information about this report can be found at <a href=https://adpemploymentreport.com>ADP National Employment Report website</a>.,Monthly,0.001,ADPMNUSNERSA,2026-08-05,2026-08-05,Total Nonfarm Private Payroll Employment,2010-01-01,2026-07-01,M,Persons,Persons,Seasonally Adjusted,SA,2026-08-05 07:27:33-05,44,ADPMNUSNERSA
Initial claims,DOL/ETA via FRED/ALFRED,An initial claim is a claim filed by an unemployed individual after a separation from an employer. The claim requests a determination of basic eligibility for the Unemployment Insurance program.,"Weekly, Ending Saturday",0.001,ICSA,2026-07-30,2026-07-30,Initial Claims,1967-01-07,2026-07-25,W,Number,Number,Seasonally Adjusted,SA,2026-07-30 07:36:19-05,81,ICSA
