target_date,adp_release_date,payems_release_date,adp_initial,payems_initial,adp_level,payems_level,adp_source_type,adp_robust_z,payems_robust_z,is_outlier
2010-02-01,2022-08-31,2010-03-05,-269.0,-36.0,97340000.0,129526.0,launch_backfill,-3.637482142857143,-2.523935483870968,True
2010-03-01,2022-08-31,2010-04-02,-117.0,162.0,97223000.0,129750.0,launch_backfill,-2.416958333333333,-0.36988709677419357,False
2010-04-01,2022-08-31,2010-05-07,-78.0,290.0,97145000.0,130161.0,launch_backfill,-2.103797619047619,1.0226290322580645,False
2010-05-01,2022-08-31,2010-06-04,12.0,431.0,97157000.0,130570.0,launch_backfill,-1.3811190476190476,2.5565725806451614,False
2010-06-01,2022-08-31,2010-07-02,-118.0,-125.0,97039000.0,130470.0,launch_backfill,-2.424988095238095,-3.4921693548387096,False
2010-07-01,2022-08-31,2010-08-06,175.0,-131.0,97214000.0,130242.0,launch_backfill,-0.07226785714285715,-3.5574435483870968,True
2010-08-01,2022-08-31,2010-09-03,-165.0,-54.0,97049000.0,130311.0,launch_backfill,-2.8023869047619048,-2.719758064516129,False
2010-09-01,2022-08-31,2010-10-08,-96.0,-95.0,96953000.0,130201.0,launch_backfill,-2.248333333333333,-3.165798387096774,False
2010-10-01,2022-08-31,2010-11-05,-83.0,151.0,96870000.0,130462.0,launch_backfill,-2.1439464285714287,-0.48955645161290323,False
2010-11-01,2022-08-31,2010-12-03,-119.0,39.0,96751000.0,130539.0,launch_backfill,-2.433017857142857,-1.708008064516129,False
2010-12-01,2022-08-31,2011-01-07,-278.0,103.0,96473000.0,130712.0,launch_backfill,-3.7097499999999997,-1.01175,True
2011-01-01,2022-08-31,2011-02-04,157.0,36.0,96630000.0,130265.0,launch_backfill,-0.21680357142857143,-1.7406451612903227,False
2011-02-01,2022-08-31,2011-03-04,132.0,192.0,96762000.0,130515.0,launch_backfill,-0.417547619047619,-0.043516129032258065,False
2011-03-01,2022-08-31,2011-04-01,199.0,216.0,96961000.0,130738.0,launch_backfill,0.12044642857142857,0.21758064516129033,False
2011-04-01,2022-08-31,2011-05-06,139.0,244.0,97100000.0,131028.0,launch_backfill,-0.3613392857142857,0.5221935483870968,False
2011-05-01,2022-08-31,2011-06-03,97.0,54.0,97197000.0,131043.0,launch_backfill,-0.6985892857142857,-1.5448225806451612,False
2011-06-01,2022-08-31,2011-07-08,175.0,18.0,97372000.0,131017.0,launch_backfill,-0.07226785714285715,-1.9364677419354837,False
2011-07-01,2022-08-31,2011-08-05,123.0,117.0,97495000.0,131190.0,launch_backfill,-0.4898154761904762,-0.8594435483870968,False
2011-08-01,2022-08-31,2011-09-02,71.0,0.0,97566000.0,131132.0,launch_backfill,-0.9073630952380951,-2.132290322580645,False
2011-09-01,2022-08-31,2011-10-07,185.0,103.0,97751000.0,131334.0,launch_backfill,0.008029761904761904,-1.01175,False
2011-10-01,2022-08-31,2011-11-04,137.0,80.0,97888000.0,131516.0,launch_backfill,-0.3773988095238095,-1.261967741935484,False
2011-11-01,2022-08-31,2011-12-02,201.0,120.0,98089000.0,131708.0,launch_backfill,0.13650595238095237,-0.8268064516129032,False
2011-12-01,2022-08-31,2012-01-06,-184.0,200.0,97905000.0,131900.0,launch_backfill,-2.954952380952381,0.043516129032258065,False
2012-01-01,2022-08-31,2012-02-03,578.0,243.0,98483000.0,132409.0,launch_backfill,3.1637261904761904,0.5113145161290322,False
2012-02-01,2022-08-31,2012-03-09,176.0,227.0,98659000.0,132697.0,launch_backfill,-0.06423809523809523,0.33725,False
2012-03-01,2022-08-31,2012-04-06,-88.0,120.0,98571000.0,132821.0,launch_backfill,-2.184095238095238,-0.8268064516129032,False
2012-04-01,2022-08-31,2012-05-04,402.0,115.0,98973000.0,132989.0,launch_backfill,1.7504880952380952,-0.8812016129032257,False
2012-05-01,2022-08-31,2012-06-01,38.0,69.0,99011000.0,133009.0,launch_backfill,-1.1723452380952382,-1.3816370967741936,False
2012-06-01,2022-08-31,2012-07-06,246.0,80.0,99257000.0,133088.0,launch_backfill,0.4978452380952381,-1.261967741935484,False
2012-07-01,2022-08-31,2012-08-03,122.0,163.0,99379000.0,133245.0,launch_backfill,-0.4978452380952381,-0.359008064516129,False
2012-08-01,2022-08-31,2012-09-07,190.0,96.0,99569000.0,133300.0,launch_backfill,0.048178571428571425,-1.0879032258064516,False
2012-09-01,2022-08-31,2012-10-05,238.0,114.0,99807000.0,133500.0,launch_backfill,0.43360714285714286,-0.8920806451612903,False
2012-10-01,2022-08-31,2012-11-02,236.0,171.0,100043000.0,133755.0,launch_backfill,0.417547619047619,-0.2719758064516129,False
2012-11-01,2022-08-31,2012-12-07,105.0,146.0,100148000.0,133852.0,launch_backfill,-0.6343511904761905,-0.5439516129032258,False
2012-12-01,2022-08-31,2013-01-04,209.0,155.0,100357000.0,134021.0,launch_backfill,0.20074404761904763,-0.44604032258064513,False
2013-01-01,2022-08-31,2013-02-01,-54.0,157.0,100303000.0,134825.0,launch_backfill,-1.9110833333333335,-0.4242822580645161,False
2013-02-01,2022-08-31,2013-03-08,186.0,236.0,100489000.0,135046.0,launch_backfill,0.016059523809523808,0.43516129032258066,False
2013-03-01,2022-08-31,2013-04-05,211.0,88.0,100700000.0,135195.0,launch_backfill,0.21680357142857143,-1.1749354838709678,False
2013-04-01,2022-08-31,2013-05-03,44.0,165.0,100744000.0,135474.0,launch_backfill,-1.1241666666666665,-0.33725,False
2013-05-01,2022-08-31,2013-06-07,368.0,175.0,101112000.0,135637.0,launch_backfill,1.4774761904761906,-0.22845967741935486,False
2013-06-01,2022-08-31,2013-07-05,98.0,195.0,101210000.0,135902.0,launch_backfill,-0.6905595238095238,-0.010879032258064516,False
2013-07-01,2022-08-31,2013-08-02,246.0,162.0,101456000.0,136038.0,launch_backfill,0.4978452380952381,-0.36988709677419357,False
2013-08-01,2022-08-31,2013-09-06,289.0,169.0,101745000.0,136133.0,launch_backfill,0.843125,-0.29373387096774195,False
2013-09-01,2022-08-31,2013-10-22,131.0,148.0,101876000.0,136290.0,launch_backfill,-0.42557738095238096,-0.5221935483870968,False
2013-10-01,2022-08-31,2013-11-08,133.0,204.0,102009000.0,136554.0,launch_backfill,-0.4095178571428571,0.08703225806451613,False
2013-11-01,2022-08-31,2013-12-06,314.0,203.0,102323000.0,136765.0,launch_backfill,1.0438690476190478,0.0761532258064516,False
2013-12-01,2022-08-31,2014-01-10,201.0,74.0,102524000.0,136877.0,launch_backfill,0.13650595238095237,-1.327241935483871,False
2014-01-01,2022-08-31,2014-02-07,295.0,113.0,102819000.0,137499.0,launch_backfill,0.8913035714285714,-0.9029596774193548,False
2014-02-01,2022-08-31,2014-03-07,423.0,175.0,103242000.0,137699.0,launch_backfill,1.9191130952380953,-0.22845967741935486,False
2014-03-01,2022-08-31,2014-04-04,54.0,192.0,103296000.0,137928.0,launch_backfill,-1.0438690476190478,-0.043516129032258065,False
2014-04-01,2022-08-31,2014-05-02,505.0,288.0,103801000.0,138252.0,launch_backfill,2.5775535714285716,1.0008709677419356,False
2014-05-01,2022-08-31,2014-06-06,437.0,217.0,104238000.0,138463.0,launch_backfill,2.031529761904762,0.22845967741935486,False
2014-06-01,2022-08-31,2014-07-03,212.0,288.0,104450000.0,138780.0,launch_backfill,0.22483333333333333,1.0008709677419356,False
2014-07-01,2022-08-31,2014-08-01,314.0,209.0,104764000.0,139004.0,launch_backfill,1.0438690476190478,0.1414274193548387,False
2014-08-01,2022-08-31,2014-09-05,333.0,142.0,105097000.0,139118.0,launch_backfill,1.1964345238095238,-0.5874677419354839,False
2014-09-01,2022-08-31,2014-10-03,278.0,248.0,105375000.0,139435.0,launch_backfill,0.754797619047619,0.5657096774193549,False
2014-10-01,2022-08-31,2014-11-07,367.0,214.0,105742000.0,139680.0,launch_backfill,1.4694464285714286,0.19582258064516128,False
2014-11-01,2022-08-31,2014-12-05,308.0,321.0,106050000.0,140045.0,launch_backfill,0.9956904761904762,1.3598790322580645,False
2014-12-01,2022-08-31,2015-01-09,321.0,252.0,106371000.0,140347.0,launch_backfill,1.100077380952381,0.6092258064516128,False
2015-01-01,2022-08-31,2015-02-06,481.0,257.0,106852000.0,140849.0,launch_backfill,2.384839285714286,0.6636209677419355,False
2015-02-01,2022-08-31,2015-03-06,193.0,295.0,107045000.0,141126.0,launch_backfill,0.07226785714285715,1.077024193548387,False
2015-03-01,2022-08-31,2015-04-03,184.0,126.0,107229000.0,141183.0,launch_backfill,0.0,-0.7615322580645161,False
2015-04-01,2022-08-31,2015-05-08,312.0,223.0,107541000.0,141367.0,launch_backfill,1.0278095238095237,0.29373387096774195,False
2015-05-01,2022-08-31,2015-06-05,198.0,280.0,107739000.0,141679.0,launch_backfill,0.11241666666666666,0.9138387096774194,False
2015-06-01,2022-08-31,2015-07-02,191.0,223.0,107930000.0,141842.0,launch_backfill,0.05620833333333333,0.29373387096774195,False
2015-07-01,2022-08-31,2015-08-07,300.0,215.0,108230000.0,142071.0,launch_backfill,0.931452380952381,0.2067016129032258,False
2015-08-01,2022-08-31,2015-09-04,157.0,173.0,108387000.0,142288.0,launch_backfill,-0.21680357142857143,-0.2502177419354839,False
2015-09-01,2022-08-31,2015-10-02,252.0,142.0,108639000.0,142371.0,launch_backfill,0.5460238095238095,-0.5874677419354839,False
2015-10-01,2022-08-31,2015-11-06,276.0,271.0,108915000.0,142654.0,launch_backfill,0.7387380952380953,0.8159274193548387,False
2015-11-01,2022-08-31,2015-12-04,163.0,211.0,109078000.0,142900.0,launch_backfill,-0.168625,0.16318548387096773,False
2015-12-01,2022-08-31,2016-01-08,164.0,292.0,109242000.0,143242.0,launch_backfill,-0.1605952380952381,1.0443870967741935,False
2016-01-01,2022-08-31,2016-02-05,149.0,151.0,109391000.0,143288.0,launch_backfill,-0.28104166666666663,-0.48955645161290323,False
2016-02-01,2022-08-31,2016-03-04,142.0,242.0,109533000.0,143560.0,launch_backfill,-0.33725,0.5004354838709678,False
2016-03-01,2022-08-31,2016-04-01,273.0,215.0,109806000.0,143774.0,launch_backfill,0.7146488095238095,0.2067016129032258,False
2016-04-01,2022-08-31,2016-05-06,151.0,160.0,109957000.0,143915.0,launch_backfill,-0.26498214285714283,-0.39164516129032256,False
2016-05-01,2022-08-31,2016-06-03,158.0,38.0,110115000.0,143894.0,launch_backfill,-0.2087738095238095,-1.7188870967741936,False
2016-06-01,2022-08-31,2016-07-08,253.0,287.0,110368000.0,144175.0,launch_backfill,0.5540535714285715,0.989991935483871,False
2016-07-01,2022-08-31,2016-08-05,142.0,255.0,110510000.0,144448.0,launch_backfill,-0.33725,0.6418629032258064,False
2016-08-01,2022-08-31,2016-09-02,227.0,151.0,110737000.0,144598.0,launch_backfill,0.3452797619047619,-0.48955645161290323,False
2016-09-01,2022-08-31,2016-10-07,272.0,156.0,111009000.0,144747.0,launch_backfill,0.7066190476190476,-0.43516129032258066,False
2016-10-01,2022-08-31,2016-11-04,158.0,161.0,111167000.0,144952.0,launch_backfill,-0.2087738095238095,-0.38076612903225804,False
2016-11-01,2022-08-31,2016-12-02,237.0,178.0,111404000.0,145128.0,launch_backfill,0.42557738095238096,-0.19582258064516128,False
2016-12-01,2022-08-31,2017-01-06,254.0,156.0,111658000.0,145303.0,launch_backfill,0.5620833333333333,-0.43516129032258066,False
2017-01-01,2022-08-31,2017-02-03,12.0,227.0,111670000.0,145554.0,launch_backfill,-1.3811190476190476,0.33725,False
2017-02-01,2022-08-31,2017-03-10,186.0,235.0,111856000.0,145798.0,launch_backfill,0.016059523809523808,0.4242822580645161,False
2017-03-01,2022-08-31,2017-04-07,164.0,98.0,112020000.0,145858.0,launch_backfill,-0.1605952380952381,-1.0661451612903226,False
2017-04-01,2022-08-31,2017-05-05,244.0,211.0,112264000.0,146063.0,launch_backfill,0.48178571428571426,0.16318548387096773,False
2017-05-01,2022-08-31,2017-06-02,230.0,138.0,112494000.0,146135.0,launch_backfill,0.36936904761904765,-0.630983870967742,False
2017-06-01,2022-08-31,2017-07-07,270.0,222.0,112764000.0,146404.0,launch_backfill,0.6905595238095238,0.2828548387096774,False
2017-07-01,2022-08-31,2017-08-04,238.0,209.0,113002000.0,146615.0,launch_backfill,0.43360714285714286,0.1414274193548387,False
2017-08-01,2022-08-31,2017-09-01,261.0,156.0,113263000.0,146730.0,launch_backfill,0.6182916666666667,-0.43516129032258066,False
2017-09-01,2022-08-31,2017-10-06,229.0,-33.0,113492000.0,146659.0,launch_backfill,0.3613392857142857,-2.491298387096774,False
2017-10-01,2022-08-31,2017-11-03,171.0,261.0,113663000.0,147010.0,launch_backfill,-0.10438690476190475,0.7071370967741936,False
2017-11-01,2022-08-31,2017-12-08,184.0,228.0,113847000.0,147241.0,launch_backfill,0.0,0.3481290322580645,False
2017-12-01,2022-08-31,2018-01-05,221.0,148.0,114068000.0,147380.0,launch_backfill,0.29710119047619044,-0.5221935483870968,False
2018-01-01,2022-08-31,2018-02-02,333.0,200.0,114401000.0,147810.0,launch_backfill,1.1964345238095238,0.043516129032258065,False
2018-02-01,2022-08-31,2018-03-09,363.0,313.0,114764000.0,148177.0,launch_backfill,1.437327380952381,1.2728467741935483,False
2018-03-01,2022-08-31,2018-04-06,279.0,103.0,115043000.0,148230.0,launch_backfill,0.762827380952381,-1.01175,False
2018-04-01,2022-08-31,2018-05-04,152.0,164.0,115195000.0,148424.0,launch_backfill,-0.25695238095238093,-0.3481290322580645,False
2018-05-01,2022-08-31,2018-06-01,279.0,223.0,115474000.0,148662.0,launch_backfill,0.762827380952381,0.29373387096774195,False
2018-06-01,2022-08-31,2018-07-06,357.0,213.0,115831000.0,148912.0,launch_backfill,1.3891488095238096,0.18494354838709678,False
2018-07-01,2022-08-31,2018-08-03,282.0,157.0,116113000.0,149128.0,launch_backfill,0.7869166666666667,-0.4242822580645161,False
2018-08-01,2022-08-31,2018-09-07,219.0,201.0,116332000.0,149279.0,launch_backfill,0.28104166666666663,0.05439516129032258,False
2018-09-01,2022-08-31,2018-10-05,176.0,134.0,116508000.0,149500.0,launch_backfill,-0.06423809523809523,-0.6745,False
2018-10-01,2022-08-31,2018-11-02,235.0,250.0,116743000.0,149750.0,launch_backfill,0.4095178571428571,0.5874677419354839,False
2018-11-01,2022-08-31,2018-12-07,161.0,155.0,116904000.0,149893.0,launch_backfill,-0.18468452380952383,-0.44604032258064513,False
2018-12-01,2022-08-31,2019-01-04,258.0,312.0,117162000.0,150263.0,launch_backfill,0.5942023809523809,1.261967741935484,False
2019-01-01,2022-08-31,2019-02-01,397.0,304.0,117559000.0,150574.0,launch_backfill,1.7103392857142856,1.1749354838709678,False
2019-02-01,2022-08-31,2019-03-08,191.0,20.0,117750000.0,150606.0,launch_backfill,0.05620833333333333,-1.9147096774193548,False
2019-03-01,2022-08-31,2019-04-05,304.0,196.0,118054000.0,150816.0,launch_backfill,0.9635714285714285,0.0,False
2019-04-01,2022-08-31,2019-05-03,285.0,263.0,118339000.0,151095.0,launch_backfill,0.8110059523809523,0.7288951612903225,False
2019-05-01,2022-08-31,2019-06-07,265.0,75.0,118604000.0,151095.0,launch_backfill,0.6504107142857143,-1.3163629032258064,False
2019-06-01,2022-08-31,2019-07-05,59.0,224.0,118663000.0,151308.0,launch_backfill,-1.0037202380952381,0.3046129032258064,False
2019-07-01,2022-08-31,2019-08-02,206.0,164.0,118869000.0,151431.0,launch_backfill,0.1766547619047619,-0.3481290322580645,False
2019-08-01,2022-08-31,2019-09-06,141.0,130.0,119010000.0,151541.0,launch_backfill,-0.3452797619047619,-0.718016129032258,False
2019-09-01,2022-08-31,2019-10-04,88.0,136.0,119098000.0,151722.0,launch_backfill,-0.7708571428571428,-0.6527419354838709,False
2019-10-01,2022-08-31,2019-11-01,74.0,128.0,119172000.0,151945.0,launch_backfill,-0.8832738095238094,-0.7397741935483871,False
2019-11-01,2022-08-31,2019-12-06,192.0,266.0,119364000.0,152252.0,launch_backfill,0.06423809523809523,0.7615322580645161,False
2019-12-01,2022-08-31,2020-01-10,274.0,145.0,119638000.0,152383.0,launch_backfill,0.7226785714285714,-0.5548306451612902,False
2020-01-01,2022-08-31,2020-02-07,1662.0,225.0,121300000.0,152186.0,launch_backfill,11.867988095238095,0.315491935483871,True
2020-02-01,2022-08-31,2020-03-06,153.0,273.0,121453000.0,152544.0,launch_backfill,-0.24892261904761906,0.8376854838709678,False
2020-03-01,2022-08-31,2020-04-03,-436.0,-701.0,121017000.0,151786.0,launch_backfill,-4.978452380952381,-9.75849193548387,True
2020-04-01,2022-08-31,2020-05-08,-6657.0,-20500.0,114360000.0,131072.0,launch_backfill,-54.931601190476194,-225.1524516129032,True
2020-05-01,2022-08-31,2020-06-05,-196.0,2509.0,114164000.0,132912.0,launch_backfill,-3.051309523809524,25.163201612903226,True
2020-06-01,2022-08-31,2020-07-02,-39.0,4800.0,114125000.0,137802.0,launch_backfill,-1.7906369047619048,50.08706451612903,True
2020-07-01,2022-08-31,2020-08-07,-283.0,1763.0,113842000.0,139582.0,launch_backfill,-3.7498988095238093,17.047443548387097,True
2020-08-01,2022-08-31,2020-09-04,229.0,1371.0,114071000.0,140914.0,launch_backfill,0.3613392857142857,12.782862903225807,True
2020-09-01,2022-08-31,2020-10-02,142.0,661.0,114213000.0,141720.0,launch_backfill,-0.33725,5.05875,True
2020-10-01,2022-08-31,2020-11-06,234.0,638.0,114447000.0,142373.0,launch_backfill,0.40148809523809526,4.808532258064516,True
2020-11-01,2022-08-31,2020-12-04,129.0,245.0,114576000.0,142629.0,launch_backfill,-0.4416369047619047,0.5330725806451613,False
2020-12-01,2022-08-31,2021-01-08,-58.0,-140.0,114518000.0,142624.0,launch_backfill,-1.9432023809523808,-3.6553548387096777,True
2021-01-01,2022-08-31,2021-02-05,-109.0,49.0,114409000.0,142631.0,launch_backfill,-2.3527202380952383,-1.5992177419354838,False
2021-02-01,2022-08-31,2021-03-05,341.0,379.0,114750000.0,143048.0,launch_backfill,1.2606726190476192,1.9908629032258063,False
2021-03-01,2022-08-31,2021-04-02,297.0,916.0,115047000.0,144120.0,launch_backfill,0.9073630952380951,7.832903225806452,True
2021-04-01,2022-08-31,2021-05-07,218.0,266.0,115265000.0,144308.0,launch_backfill,0.27301190476190473,0.7615322580645161,False
2021-05-01,2022-08-31,2021-06-04,488.0,559.0,115753000.0,144894.0,launch_backfill,2.441047619047619,3.9490887096774197,True
2021-06-01,2022-08-31,2021-07-02,292.0,850.0,116045000.0,145759.0,launch_backfill,0.8672142857142857,7.1148870967741935,True
2021-07-01,2022-08-31,2021-08-06,618.0,943.0,116663000.0,146821.0,launch_backfill,3.484916666666667,8.126637096774193,True
2021-08-01,2022-08-31,2021-09-03,633.0,235.0,117296000.0,147190.0,launch_backfill,3.6053630952380953,0.4242822580645161,True
2021-09-01,2022-08-31,2021-10-08,336.0,194.0,117632000.0,147553.0,launch_backfill,1.2205238095238096,-0.021758064516129032,False
2021-10-01,2022-08-31,2021-11-05,306.0,531.0,117938000.0,148319.0,launch_backfill,0.9796309523809524,3.644475806451613,True
2021-11-01,2022-08-31,2021-12-03,500.0,210.0,118438000.0,148611.0,launch_backfill,2.537404761904762,0.1523064516129032,False
2021-12-01,2022-08-31,2022-01-07,366.0,199.0,118804000.0,148951.0,launch_backfill,1.4614166666666666,0.03263709677419355,False
2022-01-01,2022-08-31,2022-02-04,372.0,467.0,119176000.0,149629.0,launch_backfill,1.509595238095238,2.948217741935484,False
2022-02-01,2022-08-31,2022-03-04,375.0,678.0,119551000.0,150399.0,launch_backfill,1.5336845238095238,5.243693548387096,True
2022-03-01,2022-08-31,2022-04-01,425.0,431.0,119976000.0,150925.0,launch_backfill,1.9351726190476188,2.5565725806451614,False
2022-04-01,2022-08-31,2022-05-06,457.0,428.0,120433000.0,151314.0,launch_backfill,2.192125,2.523935483870968,False
2022-05-01,2022-08-31,2022-06-03,358.0,390.0,120791000.0,151682.0,launch_backfill,1.3971785714285714,2.110532258064516,False
2022-06-01,2022-08-31,2022-07-08,380.0,372.0,121171000.0,151980.0,launch_backfill,1.5738333333333334,1.9147096774193548,False
2022-07-01,2022-08-31,2022-08-05,268.0,528.0,121439000.0,152536.0,launch_backfill,0.6745,3.611838709677419,True
2022-08-01,2022-08-31,2022-09-02,132.0,315.0,121571000.0,152744.0,launch_backfill,-0.417547619047619,1.2946048387096776,False
2022-09-01,2022-10-05,2022-10-07,208.0,263.0,121832000.0,153018.0,initial_release,0.1927142857142857,0.7288951612903225,False
2022-10-01,2022-11-02,2022-11-04,239.0,261.0,122002000.0,153308.0,initial_release,0.4416369047619047,0.7071370967741936,False
2022-11-01,2022-11-30,2022-12-02,127.0,263.0,122129000.0,153548.0,initial_release,-0.45769642857142856,0.7288951612903225,False
2022-12-01,2023-01-05,2023-01-06,235.0,223.0,122419000.0,153743.0,initial_release,0.4095178571428571,0.29373387096774195,False
2023-01-01,2023-02-01,2023-02-03,106.0,517.0,127035000.0,155073.0,initial_release,-0.6263214285714286,3.4921693548387096,False
2023-02-01,2023-03-08,2023-03-10,242.0,311.0,127290000.0,155350.0,initial_release,0.4657261904761905,1.2510887096774193,False
2023-03-01,2023-04-05,2023-04-07,145.0,236.0,127454000.0,155569.0,initial_release,-0.3131607142857143,0.43516129032258066,False
2023-04-01,2023-05-03,2023-05-05,296.0,253.0,127747000.0,155673.0,initial_release,0.8993333333333333,0.6201048387096775,False
2023-05-01,2023-06-01,2023-06-02,278.0,339.0,128020000.0,156105.0,initial_release,0.754797619047619,1.555701612903226,False
2023-06-01,2023-07-06,2023-07-07,497.0,209.0,128506000.0,156204.0,initial_release,2.513315476190476,0.1414274193548387,False
2023-07-01,2023-08-02,2023-08-04,324.0,187.0,128788000.0,156342.0,initial_release,1.1241666666666665,-0.09791129032258064,False
2023-08-01,2023-08-30,2023-09-01,177.0,187.0,128953000.0,156419.0,initial_release,-0.05620833333333333,-0.09791129032258064,False
2023-09-01,2023-10-04,2023-10-06,89.0,336.0,129045000.0,156874.0,initial_release,-0.762827380952381,1.5230645161290322,False
2023-10-01,2023-11-01,2023-11-03,113.0,150.0,129158000.0,156923.0,initial_release,-0.5701130952380952,-0.5004354838709678,False
2023-11-01,2023-12-06,2023-12-08,103.0,199.0,129254000.0,157087.0,initial_release,-0.6504107142857143,0.03263709677419355,False
2023-12-01,2024-01-04,2024-01-05,164.0,216.0,129416000.0,157232.0,initial_release,-0.1605952380952381,0.21758064516129033,False
2024-01-01,2024-01-31,2024-02-02,107.0,353.0,131342000.0,157700.0,initial_release,-0.6182916666666667,1.708008064516129,False
2024-02-01,2024-03-06,2024-03-08,140.0,275.0,131486000.0,157808.0,initial_release,-0.3533095238095238,0.8594435483870968,False
2024-03-01,2024-04-03,2024-04-05,184.0,303.0,131685000.0,158133.0,initial_release,0.0,1.164056451612903,False
2024-04-01,2024-05-01,2024-05-03,192.0,175.0,131922000.0,158286.0,initial_release,0.06423809523809523,-0.22845967741935486,False
2024-05-01,2024-06-05,2024-06-07,152.0,272.0,132072000.0,158543.0,initial_release,-0.25695238095238093,0.8268064516129032,False
2024-06-01,2024-07-03,2024-07-05,150.0,206.0,132227000.0,158638.0,initial_release,-0.27301190476190473,0.10879032258064517,False
2024-07-01,2024-07-31,2024-08-02,122.0,114.0,132354000.0,158723.0,initial_release,-0.4978452380952381,-0.8920806451612903,False
2024-08-01,2024-09-05,2024-09-06,99.0,142.0,132442000.0,158779.0,initial_release,-0.6825297619047619,-0.5874677419354839,False
2024-09-01,2024-10-02,2024-10-04,143.0,254.0,132589000.0,159105.0,initial_release,-0.3292202380952381,0.630983870967742,False
2024-10-01,2024-10-30,2024-11-01,233.0,12.0,132838000.0,159005.0,initial_release,0.39345833333333335,-2.0017419354838712,False
2024-11-01,2024-12-04,2024-12-06,146.0,227.0,132935000.0,159288.0,initial_release,-0.3051309523809524,0.33725,False
2024-12-01,2025-01-08,2025-01-10,122.0,256.0,133057000.0,159536.0,initial_release,-0.4978452380952381,0.6527419354838709,False
2025-01-01,2025-02-05,2025-02-07,183.0,143.0,134157000.0,159069.0,initial_release,-0.008029761904761904,-0.5765887096774194,False
2025-02-01,2025-03-05,2025-03-07,77.0,151.0,134114000.0,159218.0,initial_release,-0.8591845238095237,-0.48955645161290323,False
2025-03-01,2025-04-02,2025-04-04,155.0,228.0,134399000.0,159398.0,initial_release,-0.23286309523809526,0.3481290322580645,False
2025-04-01,2025-04-30,2025-05-02,62.0,177.0,134453000.0,159517.0,initial_release,-0.9796309523809524,-0.2067016129032258,False
2025-05-01,2025-06-04,2025-06-06,37.0,139.0,134488000.0,159561.0,initial_release,-1.180375,-0.6201048387096775,False
2025-06-01,2025-07-02,2025-07-03,-33.0,147.0,134447000.0,159724.0,initial_release,-1.7424583333333334,-0.5330725806451613,False
2025-07-01,2025-07-30,2025-08-01,104.0,73.0,134561000.0,159539.0,initial_release,-0.6423809523809524,-1.3381209677419355,False
2025-08-01,2025-09-04,2025-09-05,54.0,22.0,134617000.0,159540.0,initial_release,-1.0438690476190478,-1.8929516129032258,False
2025-09-01,2025-10-01,2025-11-20,-32.0,119.0,134526000.0,159626.0,initial_release,-1.7344285714285714,-0.8376854838709678,False
2025-10-01,2025-11-05,2025-12-16,42.0,-105.0,134571000.0,159488.0,initial_release,-1.1402261904761903,-3.274588709677419,False
2025-11-01,2025-12-03,2025-12-16,-32.0,64.0,134544000.0,159552.0,initial_release,-1.7344285714285714,-1.436032258064516,False
2025-12-01,2026-01-07,2026-01-09,41.0,50.0,134588000.0,159526.0,initial_release,-1.1482559523809523,-1.5883387096774195,False
2026-01-01,2026-02-04,2026-02-11,22.0,130.0,132281000.0,158627.0,initial_release,-1.3008214285714286,-0.718016129032258,False
2026-02-01,2026-03-04,2026-03-06,63.0,-92.0,132333000.0,158466.0,initial_release,-0.9716011904761904,-3.1331612903225805,False
2026-03-01,2026-04-01,2026-04-03,62.0,178.0,132398000.0,158637.0,initial_release,-0.9796309523809524,-0.19582258064516128,False
2026-04-01,2026-05-06,2026-05-08,109.0,115.0,132506000.0,158736.0,initial_release,-0.6022321428571429,-0.8812016129032257,False
2026-05-01,2026-06-03,2026-06-05,122.0,172.0,132624000.0,159001.0,initial_release,-0.4978452380952381,-0.2610967741935484,False
2026-06-01,2026-07-01,2026-07-02,98.0,57.0,132722000.0,158984.0,initial_release,-0.6905595238095238,-1.5121854838709676,False
