window_months,window_start,window_end,n,alpha,beta,corr,r2,rmse,latest_adp_initial,latest_payems_initial,latest_fitted,latest_residual
12,2020-02-01,2021-01-01,12,1089.4149896008025,3.2078043644187537,0.9672940779441783,0.935657833225878,1552.0629995066386,-109.0,49.0,739.7643138791584,-690.7643138791584
12,2020-03-01,2021-02-01,12,1038.5885818316565,3.1909686680560756,0.9655679152251441,0.9323213989122311,1592.1986048744923,341.0,379.0,2126.7088976387786,-1747.7088976387786
12,2020-04-01,2021-03-01,12,968.5645703676029,3.1711515652280124,0.9646593147074023,0.930567593451755,1617.238285781746,297.0,916.0,1910.3965852403226,-994.3965852403226
12,2020-05-01,2021-04-01,12,1307.4194087954852,-2.4663347022605744,-0.3643962517123415,0.132784628262004,1238.1060451179692,218.0,266.0,769.75844370268,-503.75844370268
12,2020-06-01,2021-05-01,12,1184.3432510161656,-1.7024034060377522,-0.2797057378807439,0.07823529980341148,1217.1235056236173,488.0,559.0,353.5703888697425,205.4296111302575
12,2020-07-01,2021-06-01,12,672.7105286489426,-0.2685033040558911,-0.10621959793567075,0.011282602985615564,516.9318419949867,292.0,850.0,594.3075638646224,255.69243613537765
12,2020-08-01,2021-07-01,12,265.48504826711627,1.2588370864213414,0.5992281299612972,0.35907435173691316,326.92058872301436,618.0,943.0,1043.4463676755051,-100.44636767550514
12,2020-09-01,2021-08-01,12,249.2466201516496,0.8093149017613038,0.5397724999725269,0.2913543517265914,281.7900803332423,633.0,235.0,761.5429529665549,-526.5429529665549
12,2020-10-01,2021-09-01,12,184.69148181448767,0.8533788295484491,0.5583086767454019,0.31170857852920175,279.6161351481047,336.0,194.0,471.4267685427666,-277.4267685427666
12,2020-11-01,2021-10-01,12,162.78151069780523,0.8804416704744593,0.5821491357830991,0.3388976162930093,270.5495999949978,306.0,531.0,432.1966618629898,98.8033381370102
12,2020-12-01,2021-11-01,12,174.35725872179705,0.7508319252559388,0.4965421537754919,0.24655411047600417,290.2692222047913,500.0,210.0,549.7732213497665,-339.77322134976646
12,2021-01-01,2021-12-01,12,271.3920841147674,0.4839698998186633,0.30661218620983927,0.09401103273237721,284.2664943988081,366.0,199.0,448.52506744839815,-249.52506744839815
12,2021-02-01,2022-01-01,12,464.20261710216744,0.037459323426471645,0.017356000814579522,0.00030123076427557294,273.8268606632874,372.0,467.0,478.1374854168149,-11.137485416814911
12,2021-03-01,2022-02-01,12,511.69912501515046,-0.019243803412165285,-0.008745458876160003,7.648305095453445e-05,277.19960790323614,375.0,678.0,504.4826987355885,173.51730126441151
12,2021-04-01,2022-03-01,12,366.88301427246535,0.23542378347137663,0.11595996382829896,0.01344671321106039,246.34046710658052,425.0,431.0,466.9381222478004,-35.93812224780038
12,2021-05-01,2022-04-01,12,479.5462289433384,-0.0057187978560489915,-0.0025545266697803003,6.525606506602166e-06,241.20606002113652,457.0,428.0,476.932738323124,-48.932738323124
12,2021-06-01,2022-05-01,12,465.98912730088756,-0.007119795079525813,-0.003190453028644346,1.017899052790927e-05,240.9451716131184,358.0,390.0,463.4402406624173,-73.4402406624173
12,2021-07-01,2022-06-01,12,232.36765245331017,0.44666175781511475,0.21523474072088652,0.04632599361318723,206.4172033061626,380.0,372.0,402.09912042305376,-30.099120423053762
12,2021-08-01,2022-07-01,12,667.7463953488373,-0.7014147286821706,-0.439757163636756,0.19338636296984457,132.84461791766321,268.0,528.0,479.76724806201554,48.23275193798446
12,2021-09-01,2022-08-01,12,443.9841280794976,-0.13679755250385298,-0.08664200135846198,0.007506836399399641,142.01167679376874,132.0,315.0,425.92685114898904,-110.92685114898904
12,2021-10-01,2022-09-01,12,392.5490632345787,0.024454121337124685,0.01789323412166387,0.0003201678273327957,135.51120046138286,208.0,263.0,397.6355204727006,-134.6355204727006
12,2021-11-01,2022-10-01,12,321.2819454471264,0.16828839574374588,0.12894821621273486,0.016627642464446146,133.36850173637941,239.0,261.0,361.5028720298817,-100.5028720298817
12,2021-12-01,2022-11-01,12,212.85551986657904,0.5505081633668873,0.45131935428981845,0.20368915955657863,115.71184598180083,127.0,263.0,282.77005661417377,-19.770056614173768
12,2022-01-01,2022-12-01,12,172.45843781619817,0.7129470766794246,0.5985998295876283,0.3583217559823375,101.71233730422699,235.0,223.0,340.00100083586295,-117.00100083586295
12,2022-02-01,2023-01-01,12,275.07097643693896,0.4133378497754478,0.3682278643826556,0.13559176010781138,121.21345230919086,106.0,517.0,318.8847885131364,198.1152114868636
12,2022-03-01,2023-02-01,12,294.223446380284,0.24278207221800194,0.2784102607460444,0.07751227328868038,94.17469871775461,242.0,311.0,352.9767078570404,-41.976707857040424
12,2022-04-01,2023-03-01,12,278.51465078877845,0.2640055887244247,0.2765771036060075,0.07649489423908806,96.87693160389098,145.0,236.0,316.79546115382004,-80.79546115382004
12,2022-05-01,2023-04-01,12,302.77085790317216,0.10919214369953734,0.09360011134343957,0.008760980843504296,99.56541213149936,296.0,253.0,335.0917324382352,-82.09173243823523
12,2022-06-01,2023-05-01,12,318.121837343915,0.02392242163893844,0.019006967905331174,0.0003612648289543774,98.31708761697814,278.0,339.0,324.7722705595399,14.22772944046011
12,2022-07-01,2023-06-01,12,377.3344310948985,-0.292107166656611,-0.29019334461784946,0.08421217726049401,97.49561152982257,497.0,209.0,232.15716926656282,-23.157169266562818
12,2022-08-01,2023-07-01,12,378.9992816990383,-0.413924135874323,-0.519925537110392,0.2703225641395297,70.76517765577222,324.0,187.0,244.88786167575768,-57.88786167575768
12,2022-09-01,2023-08-01,12,357.3390633293863,-0.3615409742354334,-0.42461700943439856,0.18029960470101214,77.87272052210248,177.0,187.0,293.3463108897146,-106.34631088971457
12,2022-10-01,2023-09-01,12,362.94794760945547,-0.3750908788796609,-0.46618911890891823,0.21733229458907366,77.68525272557521,89.0,336.0,329.56485938916563,6.435140610834367
12,2022-11-01,2023-10-01,12,323.85747318485727,-0.25686180228919253,-0.30877697176260915,0.09534321829088732,89.95595167627381,113.0,150.0,294.8320895261785,-144.8320895261785
12,2022-12-01,2023-11-01,12,306.23502770559753,-0.20261816985304032,-0.24256763249270383,0.05883905633311559,93.59001437072652,103.0,199.0,285.3653562107344,-86.36535621073438
12,2023-01-01,2023-12-01,12,299.8453957850633,-0.18079903292058394,-0.2172687047643811,0.04720569006999198,94.41692271925636,164.0,216.0,270.1943543860875,-54.194354386087525
12,2023-02-01,2024-01-01,12,263.6055073774959,-0.07387222427216993,-0.12890457175260753,0.016616388618723166,66.01536465933285,107.0,353.0,255.7011793803737,97.2988206196263
12,2023-03-01,2024-02-01,12,264.7960542943147,-0.09763775237639781,-0.17776999029907592,0.031602169450933415,63.414772655852225,140.0,275.0,251.12676896161898,23.87323103838102
12,2023-04-01,2024-03-01,12,273.40217811560404,-0.11077109117607137,-0.19418692760220652,0.03770856285158464,65.03340968026325,184.0,303.0,253.0202973392069,49.979702660793095
12,2023-05-01,2024-04-01,12,266.98589587456235,-0.11606028314811996,-0.18876825817149706,0.03563345529310091,68.23750288696563,192.0,175.0,244.7023215101233,-69.70232151012331
12,2023-06-01,2024-05-01,12,273.225274290686,-0.185862306640603,-0.32136858263832985,0.10327776590696891,60.71901463809056,152.0,272.0,244.97420368131435,27.02579631868565
12,2023-07-01,2024-06-01,12,301.8108323182475,-0.4024960357883747,-0.37339871256866697,0.13942659854793793,59.59413500928551,150.0,206.0,241.4364269499913,-35.4364269499913
12,2023-08-01,2024-07-01,12,291.20187850931194,-0.4184421394635225,-0.19123783424803334,0.03657190924787823,70.49009587284343,122.0,114.0,240.1519374947622,-126.1519374947622
12,2023-09-01,2024-08-01,12,231.3889387705008,-0.0220849939603775,-0.009632915755492855,9.279306595255665e-05,75.169045204683,99.0,142.0,229.20252436842344,-87.20252436842344
12,2023-10-01,2024-09-01,12,153.63532872757432,0.48854167481672156,0.21243286242290954,0.04512772103719087,66.95074730325028,143.0,254.0,223.49678822636548,30.50321177363452
12,2023-11-01,2024-10-01,12,336.92963224391383,-0.850841580171585,-0.3689630238315663,0.13613371295493315,82.06212069360093,233.0,12.0,138.68354406393453,-126.68354406393453
12,2023-12-01,2024-11-01,12,368.1487556561086,-1.0200791855203621,-0.4126326575004156,0.17026571003585533,80.46673172321395,146.0,227.0,219.21719457013575,7.782805429864254
12,2024-01-01,2024-12-01,12,373.12560723891335,-1.0550320038362906,-0.4319092695162421,0.18654561709405382,80.41584507799202,122.0,256.0,244.41170277088588,11.588297229114119
12,2024-02-01,2025-01-01,12,325.92351912862233,-0.8210515699589861,-0.35812307738123,0.12825213855300244,75.36023418302578,183.0,143.0,175.67108182612787,-32.671081826127875
12,2024-03-01,2025-02-01,12,246.38709375292683,-0.38915425681371174,-0.20570965499482535,0.04231646215809015,76.45139493711373,77.0,151.0,216.42221597827103,-65.42221597827103
12,2024-04-01,2025-03-01,12,272.4530458388809,-0.6141130496429373,-0.34486251675913293,0.11893015546544317,66.99526536523173,155.0,228.0,177.2655231442256,50.7344768557744
12,2024-05-01,2025-04-01,12,247.26810100489564,-0.47762604139826503,-0.2948408086842179,0.08693110246556357,68.18816480533552,62.0,177.0,217.6552864382032,-40.655286438203206
12,2024-06-01,2025-05-01,12,208.48889850771954,-0.2961849457767393,-0.22926598429564393,0.05256289155505045,64.89391172618701,37.0,139.0,197.5300555139802,-58.53005551398019
12,2024-07-01,2025-06-01,12,180.9939635360809,-0.13516163628006742,-0.13774622931883604,0.01897402369155754,65.4319005854015,-33.0,147.0,185.45429753332314,-38.45429753332314
12,2024-08-01,2025-07-01,12,174.93323476724495,-0.11310151898112926,-0.1093179099467608,0.011950405435128153,69.20131870854611,104.0,73.0,163.17067679320752,-90.17067679320752
12,2024-09-01,2025-08-01,12,150.31830814496038,0.019626112439965017,0.01700343094662051,0.0002891166639567011,79.70720814583926,54.0,22.0,151.3781182167185,-129.3781182167185
12,2024-10-01,2025-09-01,12,140.99983031726086,0.0018068918708209686,0.0019028364037033331,3.6207863794990303e-06,73.90276796887375,-32.0,119.0,140.9420097773946,-21.94200977739459
12,2024-11-01,2025-10-01,12,89.36720741986124,0.5502655517575408,0.38270153026454956,0.14646046126682777,87.77307717940963,42.0,-105.0,112.47836059367796,-217.47836059367796
12,2024-12-01,2025-11-01,12,88.41357148634836,0.47772279047878174,0.3569242049742273,0.12739488809648436,85.91473914620792,-32.0,64.0,73.12644219102734,-9.126442191027337
12,2025-01-01,2025-12-01,12,81.25111395420656,0.3540830281907619,0.281833341075281,0.07943003214165578,80.0268891113388,41.0,50.0,95.7685181100278,-45.7685181100278
12,2025-02-01,2026-01-01,12,85.34413796514599,0.34380350989587144,0.22509752816590614,0.050668897186400774,80.80576615254672,22.0,130.0,92.90781518285516,37.09218481714484
12,2025-03-01,2026-02-01,12,72.44416316473426,0.17115950729438661,0.09522113968692063,0.009067065443276179,96.03128267284967,63.0,-92.0,83.22721212428061,-175.2272121242806
12,2025-04-01,2026-03-01,12,89.58874336060019,-0.44375620596718524,-0.20499764840624785,0.04202403585209191,88.94615162822983,62.0,178.0,62.07585859063471,115.92414140936529
12,2025-05-01,2026-04-01,12,82.77050580833304,-0.3506775050343168,-0.18829307908667015,0.03545428363193903,85.05252562470477,109.0,115.0,44.546657759592506,70.4533422404075
12,2025-06-01,2026-05-01,12,73.60684440907282,-0.01969757262236371,-0.011517672275903973,0.00013265677465501557,89.22703934907545,122.0,172.0,71.20374054914444,100.79625945085556
12,2025-07-01,2026-06-01,12,55.34656741594496,0.18199263554159334,0.10237748896335827,0.010481150246442472,85.96076212732602,98.0,57.0,73.18184569902111,-16.18184569902111
24,2020-02-01,2022-01-01,24,125.1232488359436,2.959490570650963,0.943790437235607,0.8907403894173782,1445.966567342304,372.0,467.0,1226.0537411181017,-759.0537411181017
24,2020-03-01,2022-02-01,24,114.31488979945966,2.955603236165632,0.9436055925936927,0.8903915143740936,1449.0442725151925,375.0,678.0,1222.6661033615717,-544.6661033615717
24,2020-04-01,2022-03-01,24,55.214511248440616,2.9501904610591496,0.9429326411415018,0.8891219657300882,1457.2731880860033,425.0,431.0,1309.0454571985792,-878.0454571985792
24,2020-05-01,2022-04-01,24,1267.5654145849658,-1.850744269724877,-0.4368626650590166,0.19084898812246653,907.004320822728,457.0,428.0,421.775283320697,6.224716679303015
24,2020-06-01,2022-05-01,24,1127.119527407117,-1.5071478282436708,-0.34984066562813243,0.12238849132713459,885.8038291663273,358.0,390.0,587.5606048958828,-197.56060489588276
24,2020-07-01,2022-06-01,24,640.4863686312924,-0.38840091500866,-0.19909234144639426,0.03963776042260758,401.8422899841757,380.0,372.0,492.8940209280016,-120.89402092800162
24,2020-08-01,2022-07-01,24,329.3231897491266,0.4602136956721024,0.2491332719964106,0.06206738721563765,308.9770957592938,268.0,528.0,452.66046018925005,75.33953981074995
24,2020-09-01,2022-08-01,24,248.54356197952754,0.5838606016655119,0.3952132610162182,0.15619352168307332,238.59346496079738,132.0,315.0,325.61316139937514,-10.613161399375144
24,2020-10-01,2022-09-01,24,200.4790588205484,0.6786284150550936,0.4580964093985927,0.209852320303883,228.6418309070282,208.0,263.0,341.63376915200786,-78.63376915200786
24,2020-11-01,2022-10-01,24,171.32677187574492,0.7207974474946667,0.4913313263042757,0.24140647220791878,221.73434656492893,239.0,261.0,343.59736182697026,-82.59736182697026
24,2020-12-01,2022-11-01,24,173.71640415070485,0.7157889153630709,0.48899189273098853,0.2391130711566346,221.6961271908749,127.0,263.0,264.6215964018148,-1.621596401814827
24,2021-01-01,2022-12-01,24,232.53229877789252,0.5557396119728542,0.3756187209752193,0.14108942354705967,214.43878053671605,235.0,223.0,363.1311075915132,-140.13110759151323
24,2021-02-01,2023-01-01,24,328.0757890271235,0.3149908460256326,0.1954003477314905,0.03818129589358721,214.92300399520906,106.0,517.0,361.46481870584057,155.53518129415943
24,2021-03-01,2023-02-01,24,319.981749488909,0.3347252459596621,0.20854892505499706,0.043492654141594644,215.43441739601374,242.0,311.0,400.9852590111472,-89.9852590111472
24,2021-04-01,2023-03-01,24,267.92210707808795,0.413987915937374,0.2960358560994273,0.08763722809652086,189.8786700808919,145.0,236.0,327.9503548890072,-91.9503548890072
24,2021-05-01,2023-04-01,24,269.98174919116616,0.402003798002532,0.28362224381970913,0.08044157718932654,190.99963518651498,296.0,253.0,388.9748733999156,-135.97487339991562
24,2021-06-01,2023-05-01,24,274.11869104134263,0.371477958800075,0.2583311762422215,0.06673499661868965,190.12749102655042,278.0,339.0,377.38956358776346,-38.38956358776346
24,2021-07-01,2023-06-01,24,261.15308407965205,0.32008178023653,0.2576732676553574,0.06639551286418954,169.4071088633326,497.0,209.0,420.23372885720744,-211.23372885720744
24,2021-08-01,2023-07-01,24,352.6981266618361,-0.055852076250370364,-0.05429706601537287,0.0029481713778777285,131.1150930636997,324.0,187.0,334.60205395671613,-147.60205395671613
24,2021-09-01,2023-08-01,24,303.8498241821272,0.09786043077758387,0.08244027986241884,0.006796399743793979,132.71575884929248,177.0,187.0,321.1711204297595,-134.17112042975953
24,2021-10-01,2023-09-01,24,308.8751523695013,0.10446194481772972,0.09589490483169884,0.009195832772680546,129.37916752170568,89.0,336.0,318.17226545827924,17.82773454172076
24,2021-11-01,2023-10-01,24,276.1787490681168,0.1676419768020863,0.16165488939354133,0.026132303264837953,127.11589873539806,113.0,150.0,295.12229244675257,-145.12229244675257
24,2021-12-01,2023-11-01,24,240.01531455041123,0.31394683947879126,0.291806213757022,0.0851508663872087,123.60595294232975,103.0,199.0,272.35183901672673,-73.35183901672673
24,2022-01-01,2023-12-01,24,225.43568452760448,0.3843770165855144,0.3577289511802681,0.12797000251253454,120.08631154268174,164.0,216.0,288.4735152476288,-72.47351524762882
24,2022-02-01,2024-01-01,24,242.01043255426117,0.31424287745042473,0.3024456070819724,0.09147334524318274,119.39592673231256,107.0,353.0,275.6344204414566,77.3655795585434
24,2022-03-01,2024-02-01,24,258.48427731229623,0.18509400080301086,0.21916036414065668,0.04803126521026524,98.07462769885775,140.0,275.0,284.39743742471774,-9.397437424717737
24,2022-04-01,2024-03-01,24,269.2428362814999,0.12146990673198062,0.14103153069397872,0.01988989264988672,95.87979946563404,184.0,303.0,291.5932991201843,11.406700879815673
24,2022-05-01,2024-04-01,24,279.66204995211183,0.02921449865778148,0.030971062857512104,0.0009592067345239874,95.66820386414301,192.0,175.0,285.27123369440585,-110.27123369440585
24,2022-06-01,2024-05-01,24,288.19853250380476,-0.035476680296307544,-0.037077595160133696,0.001374748062858866,93.17370255100768,152.0,272.0,282.806077098766,-10.806077098766025
24,2022-07-01,2024-06-01,24,295.3323851947036,-0.10946384847319748,-0.1075354606708297,0.011563875301687565,91.84507660366508,150.0,206.0,278.91280792372396,-72.91280792372396
24,2022-08-01,2024-07-01,24,286.7059704035335,-0.15876676021335767,-0.1766713991170437,0.031212783265973654,80.06284824977497,122.0,114.0,267.33642565750387,-153.33642565750387
24,2022-09-01,2024-08-01,24,266.2150877302595,-0.08892005023974767,-0.0975507920015616,0.009516157020131755,83.10319919724577,99.0,142.0,257.4120027565245,-115.41200275652449
24,2022-10-01,2024-09-01,24,265.94689695088266,-0.09080595090894739,-0.09999571993590649,0.009999144005500171,83.04224373065114,143.0,254.0,252.9616459709032,1.0383540290968085
24,2022-11-01,2024-10-01,24,266.75924421687535,-0.15170254893730367,-0.14516368955842712,0.021072496766215254,94.8837410884218,233.0,12.0,231.41255031448358,-219.41255031448358
24,2022-12-01,2024-11-01,24,263.91895475827147,-0.1438032260983807,-0.13713756446575107,0.018806711587597946,94.88626011759067,146.0,227.0,242.9236837479079,-15.923683747907887
24,2023-01-01,2024-12-01,24,264.76836371378204,-0.14464401691275877,-0.13822132247167032,0.01910513398581737,94.8928555671455,122.0,256.0,247.12179365042547,8.878206349574526
24,2023-02-01,2025-01-01,24,230.19180006101317,-0.038537423645606896,-0.04455706460067259,0.0019853320058285107,77.97338122395877,183.0,143.0,223.13945153386712,-80.13945153386712
24,2023-03-01,2025-02-01,24,221.79320850272512,-0.030225921639613434,-0.03598931092853667,0.0012952305011110221,77.03766195105288,77.0,151.0,219.46581253647489,-68.46581253647489
24,2023-04-01,2025-03-01,24,221.1613740630881,-0.028467493526640162,-0.03388065417649422,0.0011478987274273766,76.97542904409414,155.0,228.0,216.74891256645887,11.25108743354113
24,2023-05-01,2025-04-01,24,218.33119655247728,-0.03214075704373246,-0.03795156798299491,0.001440321512367948,76.94532747413861,62.0,177.0,216.33846961576586,-39.33846961576586
24,2023-06-01,2025-05-01,24,214.592310582061,-0.06343554865273518,-0.07874314401023084,0.0062004827286159525,73.43030291433718,37.0,139.0,212.24519528190982,-73.24519528190982
24,2023-07-01,2025-06-01,24,207.7455362829947,-0.042237849673518256,-0.038286149386929556,0.0014658292348783686,74.48754924066557,-33.0,147.0,209.1393853222208,-62.13938532222079
24,2023-08-01,2025-07-01,24,195.26059869425114,0.016135594617004978,0.011270529079888531,0.00012702482574078466,78.85165423825079,104.0,73.0,196.93870053441967,-123.93870053441967
24,2023-09-01,2025-08-01,24,168.67796666867378,0.1800306418053242,0.1164155250159073,0.01355257446472935,85.70920095084202,54.0,22.0,178.39962132616128,-156.39962132616128
24,2023-10-01,2025-09-01,24,147.91384605415215,0.2891853419878822,0.22405541977675664,0.050200831131338663,79.7406671356637,-32.0,119.0,138.6599151105399,-19.659915110539913
24,2023-11-01,2025-10-01,24,117.3380776967378,0.4737199317362501,0.3089710728244512,0.09546312384229227,94.90651348116567,42.0,-105.0,137.2343148296603,-242.2343148296603
24,2023-12-01,2025-11-01,24,109.58534689934616,0.5184565050236064,0.3626777431032241,0.13153514534244815,94.88966810537431,-32.0,64.0,92.99473873859075,-28.994738738590755
24,2024-01-01,2025-12-01,24,102.31813950001364,0.547943076797252,0.3769608476762365,0.14209948068078682,96.0974800261753,41.0,50.0,124.78380564870098,-74.78380564870098
24,2024-02-01,2026-01-01,24,97.14216322999232,0.525851918104183,0.4024448449444693,0.161961853222378,87.47240784038587,22.0,130.0,108.71090542828435,21.28909457171565
24,2024-03-01,2026-02-01,24,81.6691824318236,0.5454679009782298,0.3854032344248498,0.14853565310513572,95.23690849897764,63.0,-92.0,116.03366019345208,-208.03366019345208
24,2024-04-01,2026-03-01,24,89.065862793586,0.4364229634722438,0.3167289646659318,0.10031723705835305,92.50784409843526,62.0,178.0,116.12408652886512,61.87591347113488
24,2024-05-01,2026-04-01,24,88.63335745112926,0.429985305705381,0.2997969616838354,0.0898782182348592,92.60585132073098,109.0,115.0,135.5017557730158,-20.501755773015788
24,2024-06-01,2026-05-01,24,90.37975119282966,0.36708238487181294,0.26408182363714394,0.0697392095755196,89.46844916005668,122.0,172.0,135.16380214719084,36.836197852809164
24,2024-07-01,2026-06-01,24,89.06799934312296,0.3178429293471981,0.22631578984557105,0.051218836733424644,89.51276077573324,98.0,57.0,120.21660641914838,-63.21660641914838
36,2020-02-01,2023-01-01,36,-57.60890631450695,2.917302383914208,0.9399761770859603,0.8835552134891363,1222.0311857098357,106.0,517.0,251.6251463803991,265.3748536196009
36,2020-03-01,2023-02-01,36,-63.72415196825088,2.916132918319241,0.9398646940339948,0.8833456430916146,1223.1558278697487,242.0,311.0,641.9800142650054,-330.98001426500537
36,2020-04-01,2023-03-01,36,-85.080989978922,2.9223683401084006,0.9402596678087907,0.8840882429078976,1218.5508422572502,145.0,236.0,338.6624193367961,-102.66241933679612
36,2020-05-01,2023-04-01,36,1048.3345226487365,-1.6603522324162234,-0.3902304639373501,0.15227981498475962,786.9563712186714,296.0,253.0,556.8702618535344,-303.87026185353443
36,2020-06-01,2023-05-01,36,904.945842794066,-1.2532640677137106,-0.2940072032839544,0.08644023558285252,760.2372974353682,278.0,339.0,556.5384319696545,-217.53843196965454
36,2020-07-01,2023-06-01,36,530.4774417509833,-0.27947732997610736,-0.14462318219190437,0.02091586482731278,351.20868703741127,497.0,209.0,391.5772087528579,-182.57720875285793
36,2020-08-01,2023-07-01,36,281.2186328026936,0.4463005197681786,0.25163159106183786,0.06331845762031207,271.114055240652,324.0,187.0,425.82000120758346,-238.82000120758346
36,2020-09-01,2023-08-01,36,224.29097925195603,0.5319572726941952,0.36624577772638384,0.13413596970240393,214.52209484807486,177.0,187.0,318.4474165188286,-131.44741651882862
36,2020-10-01,2023-09-01,36,203.79538052468325,0.5746891096900884,0.4084178547454427,0.16680514407486957,205.90397394760538,89.0,336.0,254.94271128710113,81.05728871289887
36,2020-11-01,2023-10-01,36,181.75332467943468,0.6114588540725835,0.4446748938545674,0.1977357612245707,200.30408097128122,113.0,150.0,250.8481751896366,-100.8481751896366
36,2020-12-01,2023-11-01,36,179.20738368195626,0.6175087662128539,0.44959953292229543,0.2021397400039463,200.42794301613645,103.0,199.0,242.8107866018802,-43.81078660188021
36,2021-01-01,2023-12-01,36,215.6729301602883,0.5122907381906138,0.37690520572909325,0.14205753410569022,194.30722241487177,164.0,216.0,299.68861122354895,-83.68861122354895
36,2021-02-01,2024-01-01,36,245.33602643595492,0.42988155374157766,0.30184365846862504,0.09110959415772413,193.48497513438738,107.0,353.0,291.3333526863037,61.666647313696274
36,2021-03-01,2024-02-01,36,242.8380815456323,0.4368292252768454,0.31008655924390915,0.09615367422372645,193.53661441883926,140.0,275.0,303.99417308439064,-28.99417308439064
36,2021-04-01,2024-03-01,36,228.63891281007653,0.4317342337189013,0.34603647629077733,0.11974124292373767,170.34981005709002,184.0,303.0,308.07801181435434,-5.0780118143543405
36,2021-05-01,2024-04-01,36,223.10237312770437,0.4433717452689488,0.35283084465132236,0.1244896049373655,171.5796770572619,192.0,175.0,308.2297482193425,-133.22974821934253
36,2021-06-01,2024-05-01,36,227.86239429980805,0.4122336760473945,0.32782298145066274,0.10746790716720156,170.34542762175155,152.0,272.0,290.52191305901204,-18.521913059012036
36,2021-07-01,2024-06-01,36,211.52450019265657,0.4125094949014053,0.3739802638100913,0.13986123771946546,148.16917397701968,150.0,206.0,273.4009244278674,-67.40092442786738
36,2021-08-01,2024-07-01,36,254.17533526459206,0.18022025494457797,0.19429609889855579,0.037750974047197294,122.37732313415641,122.0,114.0,276.16220636783055,-162.16220636783055
36,2021-09-01,2024-08-01,36,221.68858912224925,0.31403591871280556,0.2994640893668464,0.08967874082031468,121.2013231737516,99.0,142.0,252.77814507481702,-110.77814507481702
36,2021-10-01,2024-09-01,36,218.62669733831126,0.34096825292507227,0.3278453469551382,0.10748257152013485,119.07735063200936,143.0,254.0,267.3851575065966,-13.385157506596613
36,2021-11-01,2024-10-01,36,211.06249063065675,0.3148682439746244,0.29578182020832394,0.0874868851657492,122.68729105758554,233.0,12.0,284.42679147674426,-272.42679147674426
36,2021-12-01,2024-11-01,36,192.0560297663429,0.41465900397982003,0.36525311209843675,0.13340983589759314,119.33030061159022,146.0,227.0,252.59624434739663,-25.596244347396635
36,2022-01-01,2024-12-01,36,186.70515587898194,0.459065112450209,0.40209069773177814,0.16167692920242815,116.69707107040078,122.0,256.0,242.71109959790743,13.288900402092565
36,2022-02-01,2025-01-01,36,186.80665810896335,0.42782522475389967,0.3695672337874886,0.1365799402893363,116.97486346672801,183.0,143.0,265.098674238927,-122.098674238927
36,2022-03-01,2025-02-01,36,198.99306030656464,0.31475108983726874,0.3135544563291359,0.09831639708385986,102.49148619392867,77.0,151.0,223.22889422403435,-72.22889422403435
36,2022-04-01,2025-03-01,36,207.22882125949042,0.25672160642004,0.2491368817592031,0.06206918585269916,101.00522679998434,155.0,228.0,247.0206702545966,-19.02067025459661
36,2022-05-01,2025-04-01,36,216.17267448561637,0.1868381325604343,0.17328835868075904,0.030028855254271458,99.51770128578028,62.0,177.0,227.7566387043633,-50.7566387043633
36,2022-06-01,2025-05-01,36,215.1087224357296,0.16307546169499543,0.15074222101164414,0.022723217195523393,98.73974068453184,37.0,139.0,221.14251451844441,-82.14251451844441
36,2022-07-01,2025-06-01,36,214.909801136106,0.13805240424013707,0.12898569129203885,0.016637308558084984,97.89812685356966,-33.0,147.0,210.3540717961815,-63.3540717961815
36,2022-08-01,2025-07-01,36,213.7498833502044,0.07128276912694727,0.07264453200056602,0.0052772280295813045,89.23922897270421,104.0,73.0,221.16329133940692,-148.16329133940692
36,2022-09-01,2025-08-01,36,193.66249017031433,0.1467689455766952,0.14465434754189732,0.02092488026277206,93.16261880846915,54.0,22.0,201.58801323145588,-179.58801323145588
36,2022-10-01,2025-09-01,36,185.7676063065356,0.17848267768704232,0.18308180952908604,0.03351894898044461,93.56654223516705,-32.0,119.0,180.05616062055026,-61.05616062055026
36,2022-11-01,2025-10-01,36,164.32199166758596,0.26118243673231584,0.23710284653090824,0.05621775983305932,105.0997048624154,42.0,-105.0,175.29165401034322,-280.2916540103432
36,2022-12-01,2025-11-01,36,153.39057609264822,0.30678888343598615,0.2858719700159374,0.08172278324079307,105.4545811952238,-32.0,64.0,143.57333182269667,-79.57333182269667
36,2023-01-01,2025-12-01,36,146.0349080775804,0.33716244664935885,0.307599626192601,0.09461753003382767,107.11865360605402,41.0,50.0,159.8585683902041,-109.85856839020411
36,2023-02-01,2026-01-01,36,131.6467854975767,0.36968471255354013,0.39079058618461937,0.1527172822505184,90.86986477674404,22.0,130.0,139.7798491737546,-9.779849173754599
36,2023-03-01,2026-02-01,36,119.96257977885247,0.3874437651962938,0.37801835427985914,0.14289787617245298,98.16210071247872,63.0,-92.0,144.37153698621898,-236.37153698621898
36,2023-04-01,2026-03-01,36,120.31636499678919,0.37912227353658084,0.3739908758299426,0.1398691752040475,97.81179322866362,62.0,178.0,143.8219459560572,34.17805404394281
36,2023-05-01,2026-04-01,36,119.42704577361565,0.3712354129354543,0.3545990818081754,0.12574050881920107,98.04000676418855,109.0,115.0,159.89170578358016,-44.891705783580164
36,2023-06-01,2026-05-01,36,122.93462454207693,0.31641125471354076,0.303894976403347,0.09235215668319086,95.91594296559354,122.0,172.0,161.5367976171289,10.463202382871089
36,2023-07-01,2026-06-01,36,105.89327644717761,0.467345158680433,0.33363960808833926,0.1113153880853407,95.91370177682558,98.0,57.0,151.69310199786005,-94.69310199786005
