indicator,release_date,target_date,published_value,revised_value,change
ADP_monthly_change_thousands,2022-10-05,2022-08-01,132.0,185.0,53.0
ADP_monthly_change_thousands,2022-11-02,2022-08-01,185.0,132.0,-53.0
ADP_monthly_change_thousands,2022-11-02,2022-09-01,208.0,192.0,-16.0
ADP_monthly_change_thousands,2023-01-05,2022-11-01,127.0,182.0,55.0
ADP_monthly_change_thousands,2023-02-01,2022-01-01,372.0,353.0,-19.0
ADP_monthly_change_thousands,2023-02-01,2022-02-01,375.0,551.0,176.0
ADP_monthly_change_thousands,2023-02-01,2022-03-01,425.0,287.0,-138.0
ADP_monthly_change_thousands,2023-02-01,2022-04-01,457.0,198.0,-259.0
ADP_monthly_change_thousands,2023-02-01,2022-05-01,358.0,188.0,-170.0
ADP_monthly_change_thousands,2023-02-01,2022-06-01,380.0,465.0,85.0
ADP_monthly_change_thousands,2023-02-01,2022-07-01,268.0,458.0,190.0
ADP_monthly_change_thousands,2023-02-01,2022-08-01,132.0,266.0,134.0
ADP_monthly_change_thousands,2023-02-01,2022-09-01,192.0,262.0,70.0
ADP_monthly_change_thousands,2023-02-01,2022-10-01,239.0,183.0,-56.0
ADP_monthly_change_thousands,2023-02-01,2022-11-01,182.0,212.0,30.0
ADP_monthly_change_thousands,2023-02-01,2022-12-01,235.0,253.0,18.0
ADP_monthly_change_thousands,2023-03-08,2023-01-01,106.0,119.0,13.0
ADP_monthly_change_thousands,2023-04-05,2023-02-01,242.0,261.0,19.0
ADP_monthly_change_thousands,2023-05-03,2023-03-01,145.0,142.0,-3.0
ADP_monthly_change_thousands,2023-06-01,2023-04-01,296.0,291.0,-5.0
ADP_monthly_change_thousands,2023-07-06,2023-05-01,278.0,267.0,-11.0
ADP_monthly_change_thousands,2023-08-02,2023-06-01,497.0,455.0,-42.0
ADP_monthly_change_thousands,2023-08-30,2023-07-01,324.0,312.0,-12.0
ADP_monthly_change_thousands,2023-10-04,2023-08-01,177.0,180.0,3.0
ADP_monthly_change_thousands,2023-12-06,2023-10-01,113.0,106.0,-7.0
ADP_monthly_change_thousands,2024-01-04,2023-11-01,103.0,101.0,-2.0
ADP_monthly_change_thousands,2024-01-31,2022-01-01,353.0,328.0,-25.0
ADP_monthly_change_thousands,2024-01-31,2022-02-01,551.0,449.0,-102.0
ADP_monthly_change_thousands,2024-01-31,2022-03-01,287.0,380.0,93.0
ADP_monthly_change_thousands,2024-01-31,2022-04-01,198.0,284.0,86.0
ADP_monthly_change_thousands,2024-01-31,2022-05-01,188.0,204.0,16.0
ADP_monthly_change_thousands,2024-01-31,2022-06-01,465.0,485.0,20.0
ADP_monthly_change_thousands,2024-01-31,2022-07-01,458.0,478.0,20.0
ADP_monthly_change_thousands,2024-01-31,2022-08-01,266.0,282.0,16.0
ADP_monthly_change_thousands,2024-01-31,2022-09-01,262.0,277.0,15.0
ADP_monthly_change_thousands,2024-01-31,2022-10-01,183.0,200.0,17.0
ADP_monthly_change_thousands,2024-01-31,2022-11-01,212.0,195.0,-17.0
ADP_monthly_change_thousands,2024-01-31,2022-12-01,253.0,306.0,53.0
ADP_monthly_change_thousands,2024-01-31,2023-01-01,119.0,131.0,12.0
ADP_monthly_change_thousands,2024-01-31,2023-02-01,261.0,275.0,14.0
ADP_monthly_change_thousands,2024-01-31,2023-03-01,142.0,103.0,-39.0
ADP_monthly_change_thousands,2024-01-31,2023-04-01,291.0,293.0,2.0
ADP_monthly_change_thousands,2024-01-31,2023-05-01,267.0,206.0,-61.0
ADP_monthly_change_thousands,2024-01-31,2023-06-01,455.0,543.0,88.0
ADP_monthly_change_thousands,2024-01-31,2023-07-01,312.0,307.0,-5.0
ADP_monthly_change_thousands,2024-01-31,2023-08-01,180.0,135.0,-45.0
ADP_monthly_change_thousands,2024-01-31,2023-09-01,89.0,137.0,48.0
ADP_monthly_change_thousands,2024-01-31,2023-10-01,106.0,111.0,5.0
ADP_monthly_change_thousands,2024-01-31,2023-11-01,101.0,104.0,3.0
ADP_monthly_change_thousands,2024-01-31,2023-12-01,164.0,158.0,-6.0
ADP_monthly_change_thousands,2024-03-06,2024-01-01,107.0,111.0,4.0
ADP_monthly_change_thousands,2024-04-03,2024-02-01,140.0,155.0,15.0
ADP_monthly_change_thousands,2024-05-01,2024-02-01,155.0,176.0,21.0
ADP_monthly_change_thousands,2024-05-01,2024-03-01,184.0,208.0,24.0
ADP_monthly_change_thousands,2024-06-05,2024-02-01,176.0,175.0,-1.0
ADP_monthly_change_thousands,2024-06-05,2024-03-01,208.0,211.0,3.0
ADP_monthly_change_thousands,2024-06-05,2024-04-01,192.0,188.0,-4.0
ADP_monthly_change_thousands,2024-07-03,2024-05-01,152.0,157.0,5.0
ADP_monthly_change_thousands,2024-07-31,2024-06-01,150.0,155.0,5.0
ADP_monthly_change_thousands,2024-09-05,2024-07-01,122.0,111.0,-11.0
ADP_monthly_change_thousands,2024-10-02,2024-08-01,99.0,103.0,4.0
ADP_monthly_change_thousands,2024-10-30,2024-09-01,143.0,159.0,16.0
ADP_monthly_change_thousands,2024-12-04,2024-10-01,233.0,184.0,-49.0
ADP_monthly_change_thousands,2025-02-05,2022-01-01,328.0,217.0,-111.0
ADP_monthly_change_thousands,2025-02-05,2022-02-01,449.0,531.0,82.0
ADP_monthly_change_thousands,2025-02-05,2022-03-01,380.0,277.0,-103.0
ADP_monthly_change_thousands,2025-02-05,2022-04-01,284.0,324.0,40.0
ADP_monthly_change_thousands,2025-02-05,2022-05-01,204.0,245.0,41.0
ADP_monthly_change_thousands,2025-02-05,2022-06-01,485.0,495.0,10.0
ADP_monthly_change_thousands,2025-02-05,2022-07-01,478.0,505.0,27.0
ADP_monthly_change_thousands,2025-02-05,2022-08-01,282.0,323.0,41.0
ADP_monthly_change_thousands,2025-02-05,2022-09-01,277.0,444.0,167.0
ADP_monthly_change_thousands,2025-02-05,2022-10-01,200.0,218.0,18.0
ADP_monthly_change_thousands,2025-02-05,2022-11-01,195.0,221.0,26.0
ADP_monthly_change_thousands,2025-02-05,2022-12-01,306.0,122.0,-184.0
ADP_monthly_change_thousands,2025-02-05,2023-01-01,131.0,247.0,116.0
ADP_monthly_change_thousands,2025-02-05,2023-02-01,275.0,157.0,-118.0
ADP_monthly_change_thousands,2025-02-05,2023-03-01,103.0,-53.0,-156.0
ADP_monthly_change_thousands,2025-02-05,2023-04-01,293.0,132.0,-161.0
ADP_monthly_change_thousands,2025-02-05,2023-05-01,206.0,52.0,-154.0
ADP_monthly_change_thousands,2025-02-05,2023-06-01,543.0,146.0,-397.0
ADP_monthly_change_thousands,2025-02-05,2023-07-01,307.0,138.0,-169.0
ADP_monthly_change_thousands,2025-02-05,2023-08-01,135.0,119.0,-16.0
ADP_monthly_change_thousands,2025-02-05,2023-09-01,137.0,95.0,-42.0
ADP_monthly_change_thousands,2025-02-05,2023-10-01,111.0,130.0,19.0
ADP_monthly_change_thousands,2025-02-05,2023-11-01,104.0,100.0,-4.0
ADP_monthly_change_thousands,2025-02-05,2023-12-01,158.0,95.0,-63.0
ADP_monthly_change_thousands,2025-02-05,2024-01-01,111.0,129.0,18.0
ADP_monthly_change_thousands,2025-02-05,2024-02-01,175.0,91.0,-84.0
ADP_monthly_change_thousands,2025-02-05,2024-03-01,211.0,82.0,-129.0
ADP_monthly_change_thousands,2025-02-05,2024-04-01,188.0,113.0,-75.0
ADP_monthly_change_thousands,2025-02-05,2024-05-01,157.0,164.0,7.0
ADP_monthly_change_thousands,2025-02-05,2024-06-01,155.0,136.0,-19.0
ADP_monthly_change_thousands,2025-02-05,2024-07-01,111.0,42.0,-69.0
ADP_monthly_change_thousands,2025-02-05,2024-08-01,103.0,180.0,77.0
ADP_monthly_change_thousands,2025-02-05,2024-09-01,159.0,194.0,35.0
ADP_monthly_change_thousands,2025-02-05,2024-10-01,184.0,221.0,37.0
ADP_monthly_change_thousands,2025-02-05,2024-11-01,146.0,204.0,58.0
ADP_monthly_change_thousands,2025-02-05,2024-12-01,122.0,176.0,54.0
ADP_monthly_change_thousands,2025-03-05,2022-01-01,217.0,207.0,-10.0
ADP_monthly_change_thousands,2025-03-05,2022-02-01,531.0,541.0,10.0
ADP_monthly_change_thousands,2025-03-05,2022-03-01,277.0,325.0,48.0
ADP_monthly_change_thousands,2025-03-05,2022-04-01,324.0,420.0,96.0
ADP_monthly_change_thousands,2025-03-05,2022-05-01,245.0,339.0,94.0
ADP_monthly_change_thousands,2025-03-05,2022-06-01,495.0,575.0,80.0
ADP_monthly_change_thousands,2025-03-05,2022-07-01,505.0,471.0,-34.0
ADP_monthly_change_thousands,2025-03-05,2022-08-01,323.0,195.0,-128.0
ADP_monthly_change_thousands,2025-03-05,2022-09-01,444.0,417.0,-27.0
ADP_monthly_change_thousands,2025-03-05,2022-10-01,218.0,198.0,-20.0
ADP_monthly_change_thousands,2025-03-05,2022-11-01,221.0,194.0,-27.0
ADP_monthly_change_thousands,2025-03-05,2022-12-01,122.0,73.0,-49.0
ADP_monthly_change_thousands,2025-03-05,2023-01-01,247.0,209.0,-38.0
ADP_monthly_change_thousands,2025-03-05,2023-02-01,157.0,168.0,11.0
ADP_monthly_change_thousands,2025-03-05,2023-03-01,-53.0,-4.0,49.0
ADP_monthly_change_thousands,2025-03-05,2023-04-01,132.0,176.0,44.0
ADP_monthly_change_thousands,2025-03-05,2023-05-01,52.0,107.0,55.0
ADP_monthly_change_thousands,2025-03-05,2023-06-01,146.0,177.0,31.0
ADP_monthly_change_thousands,2025-03-05,2023-08-01,119.0,88.0,-31.0
ADP_monthly_change_thousands,2025-03-05,2023-09-01,95.0,36.0,-59.0
ADP_monthly_change_thousands,2025-03-05,2023-10-01,130.0,103.0,-27.0
ADP_monthly_change_thousands,2025-03-05,2023-11-01,100.0,78.0,-22.0
ADP_monthly_change_thousands,2025-03-05,2023-12-01,95.0,66.0,-29.0
ADP_monthly_change_thousands,2025-03-05,2024-01-01,129.0,97.0,-32.0
ADP_monthly_change_thousands,2025-03-05,2024-02-01,91.0,118.0,27.0
ADP_monthly_change_thousands,2025-03-05,2024-03-01,82.0,117.0,35.0
ADP_monthly_change_thousands,2025-03-05,2024-04-01,113.0,146.0,33.0
ADP_monthly_change_thousands,2025-03-05,2024-05-01,164.0,200.0,36.0
ADP_monthly_change_thousands,2025-03-05,2024-06-01,136.0,134.0,-2.0
ADP_monthly_change_thousands,2025-03-05,2024-07-01,42.0,36.0,-6.0
ADP_monthly_change_thousands,2025-03-05,2024-08-01,180.0,153.0,-27.0
ADP_monthly_change_thousands,2025-03-05,2024-09-01,194.0,137.0,-57.0
ADP_monthly_change_thousands,2025-03-05,2024-10-01,221.0,193.0,-28.0
ADP_monthly_change_thousands,2025-03-05,2024-11-01,204.0,169.0,-35.0
ADP_monthly_change_thousands,2025-03-05,2024-12-01,176.0,161.0,-15.0
ADP_monthly_change_thousands,2025-03-05,2025-01-01,183.0,186.0,3.0
ADP_monthly_change_thousands,2025-04-02,2022-01-01,207.0,217.0,10.0
ADP_monthly_change_thousands,2025-04-02,2022-02-01,541.0,531.0,-10.0
ADP_monthly_change_thousands,2025-04-02,2022-03-01,325.0,277.0,-48.0
ADP_monthly_change_thousands,2025-04-02,2022-04-01,420.0,324.0,-96.0
ADP_monthly_change_thousands,2025-04-02,2022-05-01,339.0,245.0,-94.0
ADP_monthly_change_thousands,2025-04-02,2022-06-01,575.0,495.0,-80.0
ADP_monthly_change_thousands,2025-04-02,2022-07-01,471.0,505.0,34.0
ADP_monthly_change_thousands,2025-04-02,2022-08-01,195.0,323.0,128.0
ADP_monthly_change_thousands,2025-04-02,2022-09-01,417.0,444.0,27.0
ADP_monthly_change_thousands,2025-04-02,2022-10-01,198.0,218.0,20.0
ADP_monthly_change_thousands,2025-04-02,2022-11-01,194.0,221.0,27.0
ADP_monthly_change_thousands,2025-04-02,2022-12-01,73.0,122.0,49.0
ADP_monthly_change_thousands,2025-04-02,2023-01-01,209.0,247.0,38.0
ADP_monthly_change_thousands,2025-04-02,2023-02-01,168.0,157.0,-11.0
ADP_monthly_change_thousands,2025-04-02,2023-03-01,-4.0,-53.0,-49.0
ADP_monthly_change_thousands,2025-04-02,2023-04-01,176.0,132.0,-44.0
ADP_monthly_change_thousands,2025-04-02,2023-05-01,107.0,52.0,-55.0
ADP_monthly_change_thousands,2025-04-02,2023-06-01,177.0,146.0,-31.0
ADP_monthly_change_thousands,2025-04-02,2023-08-01,88.0,119.0,31.0
ADP_monthly_change_thousands,2025-04-02,2023-09-01,36.0,95.0,59.0
ADP_monthly_change_thousands,2025-04-02,2023-10-01,103.0,130.0,27.0
ADP_monthly_change_thousands,2025-04-02,2023-11-01,78.0,100.0,22.0
ADP_monthly_change_thousands,2025-04-02,2023-12-01,66.0,95.0,29.0
ADP_monthly_change_thousands,2025-04-02,2024-01-01,97.0,129.0,32.0
ADP_monthly_change_thousands,2025-04-02,2024-02-01,118.0,91.0,-27.0
ADP_monthly_change_thousands,2025-04-02,2024-03-01,117.0,82.0,-35.0
ADP_monthly_change_thousands,2025-04-02,2024-04-01,146.0,113.0,-33.0
ADP_monthly_change_thousands,2025-04-02,2024-05-01,200.0,164.0,-36.0
ADP_monthly_change_thousands,2025-04-02,2024-06-01,134.0,136.0,2.0
ADP_monthly_change_thousands,2025-04-02,2024-07-01,36.0,42.0,6.0
ADP_monthly_change_thousands,2025-04-02,2024-08-01,153.0,180.0,27.0
ADP_monthly_change_thousands,2025-04-02,2024-09-01,137.0,194.0,57.0
ADP_monthly_change_thousands,2025-04-02,2024-10-01,193.0,221.0,28.0
ADP_monthly_change_thousands,2025-04-02,2024-11-01,169.0,204.0,35.0
ADP_monthly_change_thousands,2025-04-02,2024-12-01,161.0,176.0,15.0
ADP_monthly_change_thousands,2025-04-02,2025-02-01,77.0,84.0,7.0
ADP_monthly_change_thousands,2025-04-30,2025-03-01,155.0,147.0,-8.0
ADP_monthly_change_thousands,2025-06-04,2025-04-01,62.0,60.0,-2.0
ADP_monthly_change_thousands,2025-07-02,2025-05-01,37.0,29.0,-8.0
ADP_monthly_change_thousands,2025-07-30,2025-06-01,-33.0,-23.0,10.0
ADP_monthly_change_thousands,2025-09-04,2025-07-01,104.0,106.0,2.0
ADP_monthly_change_thousands,2025-10-01,2025-07-01,106.0,104.0,-2.0
ADP_monthly_change_thousands,2025-10-01,2025-08-01,54.0,-3.0,-57.0
ADP_monthly_change_thousands,2025-11-05,2025-09-01,-32.0,-29.0,3.0
ADP_monthly_change_thousands,2025-12-03,2025-10-01,42.0,47.0,5.0
ADP_monthly_change_thousands,2026-01-07,2025-11-01,-32.0,-29.0,3.0
ADP_monthly_change_thousands,2026-02-04,2022-01-01,217.0,471.0,254.0
ADP_monthly_change_thousands,2026-02-04,2022-02-01,531.0,584.0,53.0
ADP_monthly_change_thousands,2026-02-04,2022-03-01,277.0,598.0,321.0
ADP_monthly_change_thousands,2026-02-04,2022-04-01,324.0,685.0,361.0
ADP_monthly_change_thousands,2026-02-04,2022-05-01,245.0,303.0,58.0
ADP_monthly_change_thousands,2026-02-04,2022-06-01,495.0,538.0,43.0
ADP_monthly_change_thousands,2026-02-04,2022-07-01,505.0,409.0,-96.0
ADP_monthly_change_thousands,2026-02-04,2022-08-01,323.0,365.0,42.0
ADP_monthly_change_thousands,2026-02-04,2022-09-01,444.0,339.0,-105.0
ADP_monthly_change_thousands,2026-02-04,2022-10-01,218.0,251.0,33.0
ADP_monthly_change_thousands,2026-02-04,2022-11-01,221.0,269.0,48.0
ADP_monthly_change_thousands,2026-02-04,2022-12-01,122.0,191.0,69.0
ADP_monthly_change_thousands,2026-02-04,2023-01-01,247.0,187.0,-60.0
ADP_monthly_change_thousands,2026-02-04,2023-02-01,157.0,150.0,-7.0
ADP_monthly_change_thousands,2026-02-04,2023-03-01,-53.0,76.0,129.0
ADP_monthly_change_thousands,2026-02-04,2023-04-01,132.0,91.0,-41.0
ADP_monthly_change_thousands,2026-02-04,2023-05-01,52.0,360.0,308.0
ADP_monthly_change_thousands,2026-02-04,2023-06-01,146.0,483.0,337.0
ADP_monthly_change_thousands,2026-02-04,2023-07-01,138.0,269.0,131.0
ADP_monthly_change_thousands,2026-02-04,2023-08-01,119.0,116.0,-3.0
ADP_monthly_change_thousands,2026-02-04,2023-09-01,95.0,37.0,-58.0
ADP_monthly_change_thousands,2026-02-04,2023-10-01,130.0,-29.0,-159.0
ADP_monthly_change_thousands,2026-02-04,2023-11-01,100.0,105.0,5.0
ADP_monthly_change_thousands,2026-02-04,2023-12-01,95.0,282.0,187.0
ADP_monthly_change_thousands,2026-02-04,2024-01-01,129.0,240.0,111.0
ADP_monthly_change_thousands,2026-02-04,2024-02-01,91.0,-107.0,-198.0
ADP_monthly_change_thousands,2026-02-04,2024-03-01,82.0,-103.0,-185.0
ADP_monthly_change_thousands,2026-02-04,2024-04-01,113.0,44.0,-69.0
ADP_monthly_change_thousands,2026-02-04,2024-05-01,164.0,201.0,37.0
ADP_monthly_change_thousands,2026-02-04,2024-06-01,136.0,104.0,-32.0
ADP_monthly_change_thousands,2026-02-04,2024-07-01,42.0,120.0,78.0
ADP_monthly_change_thousands,2026-02-04,2024-08-01,180.0,46.0,-134.0
ADP_monthly_change_thousands,2026-02-04,2024-09-01,194.0,-21.0,-215.0
ADP_monthly_change_thousands,2026-02-04,2024-10-01,221.0,-12.0,-233.0
ADP_monthly_change_thousands,2026-02-04,2024-11-01,204.0,102.0,-102.0
ADP_monthly_change_thousands,2026-02-04,2024-12-01,176.0,157.0,-19.0
ADP_monthly_change_thousands,2026-02-04,2025-01-01,186.0,140.0,-46.0
ADP_monthly_change_thousands,2026-02-04,2025-02-01,84.0,14.0,-70.0
ADP_monthly_change_thousands,2026-02-04,2025-03-01,147.0,-53.0,-200.0
ADP_monthly_change_thousands,2026-02-04,2025-04-01,60.0,-23.0,-83.0
ADP_monthly_change_thousands,2026-02-04,2025-05-01,29.0,-24.0,-53.0
ADP_monthly_change_thousands,2026-02-04,2025-06-01,-23.0,-1.0,22.0
ADP_monthly_change_thousands,2026-02-04,2025-07-01,104.0,77.0,-27.0
ADP_monthly_change_thousands,2026-02-04,2025-08-01,-3.0,49.0,52.0
ADP_monthly_change_thousands,2026-02-04,2025-09-01,-29.0,88.0,117.0
ADP_monthly_change_thousands,2026-02-04,2025-10-01,47.0,20.0,-27.0
ADP_monthly_change_thousands,2026-02-04,2025-11-01,-29.0,74.0,103.0
ADP_monthly_change_thousands,2026-02-04,2025-12-01,41.0,37.0,-4.0
ADP_monthly_change_thousands,2026-03-04,2026-01-01,22.0,11.0,-11.0
ADP_monthly_change_thousands,2026-04-01,2026-02-01,63.0,66.0,3.0
ADP_monthly_change_thousands,2026-05-06,2026-03-01,62.0,61.0,-1.0
ADP_monthly_change_thousands,2026-06-03,2026-04-01,109.0,105.0,-4.0
ADP_monthly_change_thousands,2026-08-05,2026-06-01,98.0,95.0,-3.0
ICSA_weekly_level_count,2022-01-20,2022-01-08,230000.0,231000.0,1000.0
ICSA_weekly_level_count,2022-01-27,2022-01-15,286000.0,290000.0,4000.0
ICSA_weekly_level_count,2022-02-03,2022-01-22,260000.0,261000.0,1000.0
ICSA_weekly_level_count,2022-02-10,2022-01-29,238000.0,239000.0,1000.0
ICSA_weekly_level_count,2022-02-17,2022-02-05,223000.0,225000.0,2000.0
ICSA_weekly_level_count,2022-02-24,2022-02-12,248000.0,249000.0,1000.0
ICSA_weekly_level_count,2022-03-03,2022-02-19,232000.0,233000.0,1000.0
ICSA_weekly_level_count,2022-03-10,2022-02-26,215000.0,216000.0,1000.0
ICSA_weekly_level_count,2022-03-17,2022-03-05,227000.0,229000.0,2000.0
ICSA_weekly_level_count,2022-03-24,2022-03-12,214000.0,215000.0,1000.0
ICSA_weekly_level_count,2022-03-31,2022-03-19,187000.0,188000.0,1000.0
ICSA_weekly_level_count,2022-04-07,2022-01-01,207000.0,224000.0,17000.0
ICSA_weekly_level_count,2022-04-07,2022-01-08,231000.0,238000.0,7000.0
ICSA_weekly_level_count,2022-04-07,2022-01-15,290000.0,240000.0,-50000.0
ICSA_weekly_level_count,2022-04-07,2022-01-22,261000.0,222000.0,-39000.0
ICSA_weekly_level_count,2022-04-07,2022-01-29,239000.0,214000.0,-25000.0
ICSA_weekly_level_count,2022-04-07,2022-02-05,225000.0,191000.0,-34000.0
ICSA_weekly_level_count,2022-04-07,2022-02-12,249000.0,209000.0,-40000.0
ICSA_weekly_level_count,2022-04-07,2022-02-19,233000.0,198000.0,-35000.0
ICSA_weekly_level_count,2022-04-07,2022-02-26,216000.0,182000.0,-34000.0
ICSA_weekly_level_count,2022-04-07,2022-03-05,229000.0,198000.0,-31000.0
ICSA_weekly_level_count,2022-04-07,2022-03-12,215000.0,177000.0,-38000.0
ICSA_weekly_level_count,2022-04-07,2022-03-19,188000.0,166000.0,-22000.0
ICSA_weekly_level_count,2022-04-07,2022-03-26,202000.0,171000.0,-31000.0
ICSA_weekly_level_count,2022-04-14,2022-04-02,166000.0,167000.0,1000.0
ICSA_weekly_level_count,2022-04-21,2022-04-02,167000.0,168000.0,1000.0
ICSA_weekly_level_count,2022-04-21,2022-04-09,185000.0,186000.0,1000.0
ICSA_weekly_level_count,2022-04-28,2022-04-16,184000.0,185000.0,1000.0
ICSA_weekly_level_count,2022-05-05,2022-04-23,180000.0,181000.0,1000.0
ICSA_weekly_level_count,2022-05-12,2022-04-30,200000.0,202000.0,2000.0
ICSA_weekly_level_count,2022-05-19,2022-05-07,203000.0,197000.0,-6000.0
ICSA_weekly_level_count,2022-06-02,2022-05-21,210000.0,211000.0,1000.0
ICSA_weekly_level_count,2022-06-09,2022-05-28,200000.0,202000.0,2000.0
ICSA_weekly_level_count,2022-06-16,2022-06-04,229000.0,232000.0,3000.0
ICSA_weekly_level_count,2022-06-23,2022-06-11,229000.0,231000.0,2000.0
ICSA_weekly_level_count,2022-06-30,2022-06-18,229000.0,233000.0,4000.0
ICSA_weekly_level_count,2022-07-21,2022-07-02,235000.0,236000.0,1000.0
ICSA_weekly_level_count,2022-07-28,2022-07-16,251000.0,261000.0,10000.0
ICSA_weekly_level_count,2022-08-04,2022-07-23,256000.0,254000.0,-2000.0
ICSA_weekly_level_count,2022-08-11,2022-07-23,254000.0,237000.0,-17000.0
ICSA_weekly_level_count,2022-08-11,2022-07-30,260000.0,248000.0,-12000.0
ICSA_weekly_level_count,2022-08-18,2022-08-06,262000.0,252000.0,-10000.0
ICSA_weekly_level_count,2022-08-25,2022-08-13,250000.0,245000.0,-5000.0
ICSA_weekly_level_count,2022-09-01,2022-08-20,243000.0,237000.0,-6000.0
ICSA_weekly_level_count,2022-09-08,2022-08-27,232000.0,228000.0,-4000.0
ICSA_weekly_level_count,2022-09-15,2022-09-03,222000.0,218000.0,-4000.0
ICSA_weekly_level_count,2022-09-22,2022-09-10,213000.0,208000.0,-5000.0
ICSA_weekly_level_count,2022-09-29,2022-09-17,213000.0,209000.0,-4000.0
ICSA_weekly_level_count,2022-10-06,2022-09-24,193000.0,190000.0,-3000.0
ICSA_weekly_level_count,2022-10-20,2022-10-08,228000.0,226000.0,-2000.0
ICSA_weekly_level_count,2022-11-03,2022-10-22,217000.0,218000.0,1000.0
ICSA_weekly_level_count,2022-11-10,2022-10-29,217000.0,218000.0,1000.0
ICSA_weekly_level_count,2022-11-17,2022-11-05,225000.0,226000.0,1000.0
ICSA_weekly_level_count,2022-11-23,2022-11-12,222000.0,223000.0,1000.0
ICSA_weekly_level_count,2022-12-01,2022-11-19,240000.0,241000.0,1000.0
ICSA_weekly_level_count,2022-12-08,2022-11-26,225000.0,226000.0,1000.0
ICSA_weekly_level_count,2022-12-15,2022-12-03,230000.0,231000.0,1000.0
ICSA_weekly_level_count,2022-12-22,2022-12-10,211000.0,214000.0,3000.0
ICSA_weekly_level_count,2022-12-29,2022-12-10,214000.0,212000.0,-2000.0
ICSA_weekly_level_count,2023-01-05,2022-12-24,225000.0,223000.0,-2000.0
ICSA_weekly_level_count,2023-01-12,2022-12-31,204000.0,206000.0,2000.0
ICSA_weekly_level_count,2023-01-26,2023-01-07,205000.0,206000.0,1000.0
ICSA_weekly_level_count,2023-01-26,2023-01-14,190000.0,192000.0,2000.0
ICSA_weekly_level_count,2023-02-16,2023-02-04,196000.0,195000.0,-1000.0
ICSA_weekly_level_count,2023-02-23,2023-02-11,194000.0,195000.0,1000.0
ICSA_weekly_level_count,2023-03-16,2023-03-04,211000.0,212000.0,1000.0
ICSA_weekly_level_count,2023-04-06,2022-01-01,224000.0,228000.0,4000.0
ICSA_weekly_level_count,2023-04-06,2022-01-08,238000.0,243000.0,5000.0
ICSA_weekly_level_count,2023-04-06,2022-01-15,240000.0,251000.0,11000.0
ICSA_weekly_level_count,2023-04-06,2022-01-22,222000.0,232000.0,10000.0
ICSA_weekly_level_count,2023-04-06,2022-01-29,214000.0,233000.0,19000.0
ICSA_weekly_level_count,2023-04-06,2022-02-05,191000.0,217000.0,26000.0
ICSA_weekly_level_count,2023-04-06,2022-02-12,209000.0,232000.0,23000.0
ICSA_weekly_level_count,2023-04-06,2022-02-19,198000.0,226000.0,28000.0
ICSA_weekly_level_count,2023-04-06,2022-02-26,182000.0,213000.0,31000.0
ICSA_weekly_level_count,2023-04-06,2022-03-05,198000.0,228000.0,30000.0
ICSA_weekly_level_count,2023-04-06,2022-03-12,177000.0,216000.0,39000.0
ICSA_weekly_level_count,2023-04-06,2022-03-19,166000.0,214000.0,48000.0
ICSA_weekly_level_count,2023-04-06,2022-03-26,171000.0,214000.0,43000.0
ICSA_weekly_level_count,2023-04-06,2022-04-02,168000.0,214000.0,46000.0
ICSA_weekly_level_count,2023-04-06,2022-04-09,186000.0,222000.0,36000.0
ICSA_weekly_level_count,2023-04-06,2022-04-16,185000.0,217000.0,32000.0
ICSA_weekly_level_count,2023-04-06,2022-04-23,181000.0,207000.0,26000.0
ICSA_weekly_level_count,2023-04-06,2022-04-30,202000.0,218000.0,16000.0
ICSA_weekly_level_count,2023-04-06,2022-05-07,197000.0,210000.0,13000.0
ICSA_weekly_level_count,2023-04-06,2022-05-14,218000.0,222000.0,4000.0
ICSA_weekly_level_count,2023-04-06,2022-05-21,211000.0,215000.0,4000.0
ICSA_weekly_level_count,2023-04-06,2022-06-04,232000.0,221000.0,-11000.0
ICSA_weekly_level_count,2023-04-06,2022-06-11,231000.0,217000.0,-14000.0
ICSA_weekly_level_count,2023-04-06,2022-06-18,233000.0,216000.0,-17000.0
ICSA_weekly_level_count,2023-04-06,2022-06-25,231000.0,213000.0,-18000.0
ICSA_weekly_level_count,2023-04-06,2022-07-02,236000.0,212000.0,-24000.0
ICSA_weekly_level_count,2023-04-06,2022-07-09,244000.0,221000.0,-23000.0
ICSA_weekly_level_count,2023-04-06,2022-07-16,261000.0,213000.0,-48000.0
ICSA_weekly_level_count,2023-04-06,2022-07-23,237000.0,211000.0,-26000.0
ICSA_weekly_level_count,2023-04-06,2022-07-30,248000.0,218000.0,-30000.0
ICSA_weekly_level_count,2023-04-06,2022-08-06,252000.0,214000.0,-38000.0
ICSA_weekly_level_count,2023-04-06,2022-08-13,245000.0,213000.0,-32000.0
ICSA_weekly_level_count,2023-04-06,2022-08-20,237000.0,208000.0,-29000.0
ICSA_weekly_level_count,2023-04-06,2022-08-27,228000.0,206000.0,-22000.0
ICSA_weekly_level_count,2023-04-06,2022-09-03,218000.0,197000.0,-21000.0
ICSA_weekly_level_count,2023-04-06,2022-09-10,208000.0,192000.0,-16000.0
ICSA_weekly_level_count,2023-04-06,2022-09-17,209000.0,191000.0,-18000.0
ICSA_weekly_level_count,2023-04-06,2022-09-24,190000.0,182000.0,-8000.0
ICSA_weekly_level_count,2023-04-06,2022-10-01,219000.0,198000.0,-21000.0
ICSA_weekly_level_count,2023-04-06,2022-10-08,226000.0,206000.0,-20000.0
ICSA_weekly_level_count,2023-04-06,2022-10-15,214000.0,198000.0,-16000.0
ICSA_weekly_level_count,2023-04-06,2022-10-22,218000.0,201000.0,-17000.0
ICSA_weekly_level_count,2023-04-06,2022-10-29,218000.0,204000.0,-14000.0
ICSA_weekly_level_count,2023-04-06,2022-11-05,226000.0,207000.0,-19000.0
ICSA_weekly_level_count,2023-04-06,2022-11-12,223000.0,211000.0,-12000.0
ICSA_weekly_level_count,2023-04-06,2022-11-19,241000.0,219000.0,-22000.0
ICSA_weekly_level_count,2023-04-06,2022-11-26,226000.0,213000.0,-13000.0
ICSA_weekly_level_count,2023-04-06,2022-12-03,231000.0,216000.0,-15000.0
ICSA_weekly_level_count,2023-04-06,2022-12-10,212000.0,206000.0,-6000.0
ICSA_weekly_level_count,2023-04-06,2022-12-17,216000.0,212000.0,-4000.0
ICSA_weekly_level_count,2023-04-06,2022-12-24,223000.0,213000.0,-10000.0
ICSA_weekly_level_count,2023-04-06,2023-01-07,206000.0,205000.0,-1000.0
ICSA_weekly_level_count,2023-04-06,2023-01-14,192000.0,200000.0,8000.0
ICSA_weekly_level_count,2023-04-06,2023-01-21,186000.0,194000.0,8000.0
ICSA_weekly_level_count,2023-04-06,2023-01-28,183000.0,199000.0,16000.0
ICSA_weekly_level_count,2023-04-06,2023-02-04,195000.0,220000.0,25000.0
ICSA_weekly_level_count,2023-04-06,2023-02-11,195000.0,216000.0,21000.0
ICSA_weekly_level_count,2023-04-06,2023-02-18,192000.0,217000.0,25000.0
ICSA_weekly_level_count,2023-04-06,2023-02-25,190000.0,221000.0,31000.0
ICSA_weekly_level_count,2023-04-06,2023-03-04,212000.0,245000.0,33000.0
ICSA_weekly_level_count,2023-04-06,2023-03-11,192000.0,230000.0,38000.0
ICSA_weekly_level_count,2023-04-06,2023-03-18,191000.0,247000.0,56000.0
ICSA_weekly_level_count,2023-04-06,2023-03-25,198000.0,246000.0,48000.0
ICSA_weekly_level_count,2023-04-20,2023-04-08,239000.0,240000.0,1000.0
ICSA_weekly_level_count,2023-04-27,2023-04-15,245000.0,246000.0,1000.0
ICSA_weekly_level_count,2023-05-04,2023-04-22,230000.0,229000.0,-1000.0
ICSA_weekly_level_count,2023-05-25,2023-05-06,264000.0,231000.0,-33000.0
ICSA_weekly_level_count,2023-05-25,2023-05-13,242000.0,225000.0,-17000.0
ICSA_weekly_level_count,2023-06-01,2023-05-20,229000.0,230000.0,1000.0
ICSA_weekly_level_count,2023-06-08,2023-05-27,232000.0,233000.0,1000.0
ICSA_weekly_level_count,2023-06-15,2023-06-03,261000.0,262000.0,1000.0
ICSA_weekly_level_count,2023-06-22,2023-06-10,262000.0,264000.0,2000.0
ICSA_weekly_level_count,2023-06-29,2023-06-17,264000.0,265000.0,1000.0
ICSA_weekly_level_count,2023-07-06,2023-06-24,239000.0,236000.0,-3000.0
ICSA_weekly_level_count,2023-07-13,2023-07-01,248000.0,249000.0,1000.0
ICSA_weekly_level_count,2023-08-17,2023-08-05,248000.0,250000.0,2000.0
ICSA_weekly_level_count,2023-08-24,2023-08-12,239000.0,240000.0,1000.0
ICSA_weekly_level_count,2023-08-31,2023-08-19,230000.0,232000.0,2000.0
ICSA_weekly_level_count,2023-09-07,2023-08-26,228000.0,229000.0,1000.0
ICSA_weekly_level_count,2023-09-14,2023-09-02,216000.0,217000.0,1000.0
ICSA_weekly_level_count,2023-09-21,2023-09-09,220000.0,221000.0,1000.0
ICSA_weekly_level_count,2023-09-28,2023-09-16,201000.0,202000.0,1000.0
ICSA_weekly_level_count,2023-10-05,2023-09-23,204000.0,205000.0,1000.0
ICSA_weekly_level_count,2023-10-12,2023-09-30,207000.0,209000.0,2000.0
ICSA_weekly_level_count,2023-10-19,2023-10-07,209000.0,211000.0,2000.0
ICSA_weekly_level_count,2023-10-26,2023-10-14,198000.0,200000.0,2000.0
ICSA_weekly_level_count,2023-11-02,2023-10-21,210000.0,212000.0,2000.0
ICSA_weekly_level_count,2023-11-09,2023-10-28,217000.0,220000.0,3000.0
ICSA_weekly_level_count,2023-11-16,2023-11-04,217000.0,218000.0,1000.0
ICSA_weekly_level_count,2023-11-22,2023-11-11,231000.0,233000.0,2000.0
ICSA_weekly_level_count,2023-11-30,2023-11-18,209000.0,211000.0,2000.0
ICSA_weekly_level_count,2023-12-07,2023-11-25,218000.0,219000.0,1000.0
ICSA_weekly_level_count,2023-12-14,2023-12-02,220000.0,221000.0,1000.0
ICSA_weekly_level_count,2023-12-21,2023-12-09,202000.0,203000.0,1000.0
ICSA_weekly_level_count,2023-12-28,2023-12-16,205000.0,206000.0,1000.0
ICSA_weekly_level_count,2024-01-04,2023-12-23,218000.0,220000.0,2000.0
ICSA_weekly_level_count,2024-01-11,2023-12-30,202000.0,203000.0,1000.0
ICSA_weekly_level_count,2024-01-18,2024-01-06,202000.0,203000.0,1000.0
ICSA_weekly_level_count,2024-01-25,2024-01-13,187000.0,189000.0,2000.0
ICSA_weekly_level_count,2024-02-01,2024-01-20,214000.0,215000.0,1000.0
ICSA_weekly_level_count,2024-02-08,2024-01-27,224000.0,227000.0,3000.0
ICSA_weekly_level_count,2024-02-15,2024-02-03,218000.0,220000.0,2000.0
ICSA_weekly_level_count,2024-02-22,2024-02-10,212000.0,213000.0,1000.0
ICSA_weekly_level_count,2024-02-29,2024-02-17,201000.0,202000.0,1000.0
ICSA_weekly_level_count,2024-03-07,2024-02-24,215000.0,217000.0,2000.0
ICSA_weekly_level_count,2024-03-14,2024-02-24,217000.0,213000.0,-4000.0
ICSA_weekly_level_count,2024-03-14,2024-03-02,217000.0,210000.0,-7000.0
ICSA_weekly_level_count,2024-03-21,2022-01-01,228000.0,225000.0,-3000.0
ICSA_weekly_level_count,2024-03-21,2022-01-08,243000.0,247000.0,4000.0
ICSA_weekly_level_count,2024-03-21,2022-01-15,251000.0,244000.0,-7000.0
ICSA_weekly_level_count,2024-03-21,2022-01-22,232000.0,237000.0,5000.0
ICSA_weekly_level_count,2024-03-21,2022-01-29,233000.0,230000.0,-3000.0
ICSA_weekly_level_count,2024-03-21,2022-02-05,217000.0,209000.0,-8000.0
ICSA_weekly_level_count,2024-03-21,2022-02-19,226000.0,222000.0,-4000.0
ICSA_weekly_level_count,2024-03-21,2022-02-26,213000.0,208000.0,-5000.0
ICSA_weekly_level_count,2024-03-21,2022-03-05,228000.0,220000.0,-8000.0
ICSA_weekly_level_count,2024-03-21,2022-03-12,216000.0,215000.0,-1000.0
ICSA_weekly_level_count,2024-03-21,2022-03-19,214000.0,206000.0,-8000.0
ICSA_weekly_level_count,2024-03-21,2022-03-26,214000.0,212000.0,-2000.0
ICSA_weekly_level_count,2024-03-21,2022-04-02,214000.0,213000.0,-1000.0
ICSA_weekly_level_count,2024-03-21,2022-04-09,222000.0,215000.0,-7000.0
ICSA_weekly_level_count,2024-03-21,2022-04-16,217000.0,209000.0,-8000.0
ICSA_weekly_level_count,2024-03-21,2022-04-23,207000.0,210000.0,3000.0
ICSA_weekly_level_count,2024-03-21,2022-04-30,218000.0,219000.0,1000.0
ICSA_weekly_level_count,2024-03-21,2022-05-07,210000.0,206000.0,-4000.0
ICSA_weekly_level_count,2024-03-21,2022-05-14,222000.0,224000.0,2000.0
ICSA_weekly_level_count,2024-03-21,2022-05-21,215000.0,212000.0,-3000.0
ICSA_weekly_level_count,2024-03-21,2022-05-28,202000.0,201000.0,-1000.0
ICSA_weekly_level_count,2024-03-21,2022-06-04,221000.0,215000.0,-6000.0
ICSA_weekly_level_count,2024-03-21,2022-06-11,217000.0,214000.0,-3000.0
ICSA_weekly_level_count,2024-03-21,2022-07-02,212000.0,214000.0,2000.0
ICSA_weekly_level_count,2024-03-21,2022-07-09,221000.0,216000.0,-5000.0
ICSA_weekly_level_count,2024-03-21,2022-07-16,213000.0,217000.0,4000.0
ICSA_weekly_level_count,2024-03-21,2022-07-23,211000.0,221000.0,10000.0
ICSA_weekly_level_count,2024-03-21,2022-07-30,218000.0,229000.0,11000.0
ICSA_weekly_level_count,2024-03-21,2022-08-06,214000.0,221000.0,7000.0
ICSA_weekly_level_count,2024-03-21,2022-08-13,213000.0,220000.0,7000.0
ICSA_weekly_level_count,2024-03-21,2022-08-20,208000.0,216000.0,8000.0
ICSA_weekly_level_count,2024-03-21,2022-08-27,206000.0,210000.0,4000.0
ICSA_weekly_level_count,2024-03-21,2022-09-03,197000.0,205000.0,8000.0
ICSA_weekly_level_count,2024-03-21,2022-09-10,192000.0,197000.0,5000.0
ICSA_weekly_level_count,2024-03-21,2022-09-17,191000.0,202000.0,11000.0
ICSA_weekly_level_count,2024-03-21,2022-09-24,182000.0,187000.0,5000.0
ICSA_weekly_level_count,2024-03-21,2022-10-01,198000.0,204000.0,6000.0
ICSA_weekly_level_count,2024-03-21,2022-10-08,206000.0,207000.0,1000.0
ICSA_weekly_level_count,2024-03-21,2022-10-15,198000.0,200000.0,2000.0
ICSA_weekly_level_count,2024-03-21,2022-10-29,204000.0,202000.0,-2000.0
ICSA_weekly_level_count,2024-03-21,2022-11-05,207000.0,204000.0,-3000.0
ICSA_weekly_level_count,2024-03-21,2022-11-12,211000.0,208000.0,-3000.0
ICSA_weekly_level_count,2024-03-21,2022-11-26,213000.0,209000.0,-4000.0
ICSA_weekly_level_count,2024-03-21,2022-12-03,216000.0,210000.0,-6000.0
ICSA_weekly_level_count,2024-03-21,2022-12-10,206000.0,211000.0,5000.0
ICSA_weekly_level_count,2024-03-21,2022-12-17,212000.0,211000.0,-1000.0
ICSA_weekly_level_count,2024-03-21,2022-12-24,213000.0,207000.0,-6000.0
ICSA_weekly_level_count,2024-03-21,2022-12-31,206000.0,203000.0,-3000.0
ICSA_weekly_level_count,2024-03-21,2023-01-07,205000.0,207000.0,2000.0
ICSA_weekly_level_count,2024-03-21,2023-01-14,200000.0,203000.0,3000.0
ICSA_weekly_level_count,2024-03-21,2023-01-21,194000.0,202000.0,8000.0
ICSA_weekly_level_count,2024-03-21,2023-02-04,220000.0,214000.0,-6000.0
ICSA_weekly_level_count,2024-03-21,2023-02-11,216000.0,217000.0,1000.0
ICSA_weekly_level_count,2024-03-21,2023-02-18,217000.0,215000.0,-2000.0
ICSA_weekly_level_count,2024-03-21,2023-02-25,221000.0,208000.0,-13000.0
ICSA_weekly_level_count,2024-03-21,2023-03-04,245000.0,227000.0,-18000.0
ICSA_weekly_level_count,2024-03-21,2023-03-11,230000.0,221000.0,-9000.0
ICSA_weekly_level_count,2024-03-21,2023-03-18,247000.0,228000.0,-19000.0
ICSA_weekly_level_count,2024-03-21,2023-03-25,246000.0,232000.0,-14000.0
ICSA_weekly_level_count,2024-03-21,2023-04-01,228000.0,216000.0,-12000.0
ICSA_weekly_level_count,2024-03-21,2023-04-08,240000.0,220000.0,-20000.0
ICSA_weekly_level_count,2024-03-21,2023-04-15,246000.0,224000.0,-22000.0
ICSA_weekly_level_count,2024-03-21,2023-04-22,229000.0,209000.0,-20000.0
ICSA_weekly_level_count,2024-03-21,2023-04-29,242000.0,214000.0,-28000.0
ICSA_weekly_level_count,2024-03-21,2023-05-06,231000.0,225000.0,-6000.0
ICSA_weekly_level_count,2024-03-21,2023-05-20,230000.0,227000.0,-3000.0
ICSA_weekly_level_count,2024-03-21,2023-05-27,233000.0,231000.0,-2000.0
ICSA_weekly_level_count,2024-03-21,2023-06-03,262000.0,255000.0,-7000.0
ICSA_weekly_level_count,2024-03-21,2023-06-10,264000.0,260000.0,-4000.0
ICSA_weekly_level_count,2024-03-21,2023-06-17,265000.0,261000.0,-4000.0
ICSA_weekly_level_count,2024-03-21,2023-06-24,236000.0,238000.0,2000.0
ICSA_weekly_level_count,2024-03-21,2023-07-01,249000.0,248000.0,-1000.0
ICSA_weekly_level_count,2024-03-21,2023-07-08,237000.0,232000.0,-5000.0
ICSA_weekly_level_count,2024-03-21,2023-07-15,228000.0,231000.0,3000.0
ICSA_weekly_level_count,2024-03-21,2023-07-22,221000.0,231000.0,10000.0
ICSA_weekly_level_count,2024-03-21,2023-07-29,227000.0,240000.0,13000.0
ICSA_weekly_level_count,2024-03-21,2023-08-05,250000.0,258000.0,8000.0
ICSA_weekly_level_count,2024-03-21,2023-08-12,240000.0,248000.0,8000.0
ICSA_weekly_level_count,2024-03-21,2023-08-19,232000.0,241000.0,9000.0
ICSA_weekly_level_count,2024-03-21,2023-08-26,229000.0,234000.0,5000.0
ICSA_weekly_level_count,2024-03-21,2023-09-02,217000.0,228000.0,11000.0
ICSA_weekly_level_count,2024-03-21,2023-09-09,221000.0,227000.0,6000.0
ICSA_weekly_level_count,2024-03-21,2023-09-16,202000.0,210000.0,8000.0
ICSA_weekly_level_count,2024-03-21,2023-09-23,205000.0,213000.0,8000.0
ICSA_weekly_level_count,2024-03-21,2023-09-30,209000.0,216000.0,7000.0
ICSA_weekly_level_count,2024-03-21,2023-10-14,200000.0,202000.0,2000.0
ICSA_weekly_level_count,2024-03-21,2023-10-21,212000.0,213000.0,1000.0
ICSA_weekly_level_count,2024-03-21,2023-10-28,220000.0,216000.0,-4000.0
ICSA_weekly_level_count,2024-03-21,2023-11-04,218000.0,216000.0,-2000.0
ICSA_weekly_level_count,2024-03-21,2023-11-11,233000.0,228000.0,-5000.0
ICSA_weekly_level_count,2024-03-21,2023-11-18,211000.0,213000.0,2000.0
ICSA_weekly_level_count,2024-03-21,2023-11-25,219000.0,213000.0,-6000.0
ICSA_weekly_level_count,2024-03-21,2023-12-02,221000.0,216000.0,-5000.0
ICSA_weekly_level_count,2024-03-21,2023-12-09,203000.0,205000.0,2000.0
ICSA_weekly_level_count,2024-03-21,2023-12-16,206000.0,207000.0,1000.0
ICSA_weekly_level_count,2024-03-21,2023-12-23,220000.0,213000.0,-7000.0
ICSA_weekly_level_count,2024-03-21,2023-12-30,203000.0,198000.0,-5000.0
ICSA_weekly_level_count,2024-03-21,2024-01-06,203000.0,198000.0,-5000.0
ICSA_weekly_level_count,2024-03-21,2024-01-13,189000.0,194000.0,5000.0
ICSA_weekly_level_count,2024-03-21,2024-01-20,215000.0,221000.0,6000.0
ICSA_weekly_level_count,2024-03-21,2024-01-27,227000.0,225000.0,-2000.0
ICSA_weekly_level_count,2024-03-21,2024-02-03,220000.0,213000.0,-7000.0
ICSA_weekly_level_count,2024-03-21,2024-02-10,213000.0,211000.0,-2000.0
ICSA_weekly_level_count,2024-03-21,2024-02-17,202000.0,200000.0,-2000.0
ICSA_weekly_level_count,2024-03-21,2024-03-09,209000.0,212000.0,3000.0
ICSA_weekly_level_count,2024-03-28,2024-03-16,210000.0,212000.0,2000.0
ICSA_weekly_level_count,2024-04-04,2024-03-23,210000.0,212000.0,2000.0
ICSA_weekly_level_count,2024-04-11,2024-03-30,221000.0,222000.0,1000.0
ICSA_weekly_level_count,2024-04-18,2024-04-06,211000.0,212000.0,1000.0
ICSA_weekly_level_count,2024-05-02,2024-04-20,207000.0,208000.0,1000.0
ICSA_weekly_level_count,2024-05-09,2024-04-27,208000.0,209000.0,1000.0
ICSA_weekly_level_count,2024-05-16,2024-05-04,231000.0,232000.0,1000.0
ICSA_weekly_level_count,2024-05-23,2024-05-11,222000.0,223000.0,1000.0
ICSA_weekly_level_count,2024-05-30,2024-05-18,215000.0,216000.0,1000.0
ICSA_weekly_level_count,2024-06-06,2024-05-25,219000.0,221000.0,2000.0
ICSA_weekly_level_count,2024-06-20,2024-06-08,242000.0,243000.0,1000.0
ICSA_weekly_level_count,2024-06-27,2024-06-15,238000.0,239000.0,1000.0
ICSA_weekly_level_count,2024-07-03,2024-06-22,233000.0,234000.0,1000.0
ICSA_weekly_level_count,2024-07-11,2024-06-29,238000.0,239000.0,1000.0
ICSA_weekly_level_count,2024-07-18,2024-07-06,222000.0,223000.0,1000.0
ICSA_weekly_level_count,2024-07-25,2024-07-13,243000.0,245000.0,2000.0
ICSA_weekly_level_count,2024-08-08,2024-07-27,249000.0,250000.0,1000.0
ICSA_weekly_level_count,2024-08-15,2024-08-03,233000.0,234000.0,1000.0
ICSA_weekly_level_count,2024-08-22,2024-08-10,227000.0,228000.0,1000.0
ICSA_weekly_level_count,2024-08-29,2024-08-17,232000.0,233000.0,1000.0
ICSA_weekly_level_count,2024-09-05,2024-08-24,231000.0,232000.0,1000.0
ICSA_weekly_level_count,2024-09-12,2024-08-31,227000.0,228000.0,1000.0
ICSA_weekly_level_count,2024-09-19,2024-09-07,230000.0,231000.0,1000.0
ICSA_weekly_level_count,2024-09-26,2024-09-14,219000.0,222000.0,3000.0
ICSA_weekly_level_count,2024-10-03,2024-09-21,218000.0,219000.0,1000.0
ICSA_weekly_level_count,2024-10-17,2024-10-05,258000.0,260000.0,2000.0
ICSA_weekly_level_count,2024-10-24,2024-10-12,241000.0,242000.0,1000.0
ICSA_weekly_level_count,2024-10-31,2024-10-19,227000.0,228000.0,1000.0
ICSA_weekly_level_count,2024-11-07,2024-10-26,216000.0,218000.0,2000.0
ICSA_weekly_level_count,2024-11-21,2024-11-09,217000.0,219000.0,2000.0
ICSA_weekly_level_count,2024-11-27,2024-11-16,213000.0,215000.0,2000.0
ICSA_weekly_level_count,2024-12-05,2024-11-23,213000.0,215000.0,2000.0
ICSA_weekly_level_count,2024-12-12,2024-11-30,224000.0,225000.0,1000.0
ICSA_weekly_level_count,2025-01-02,2024-12-21,219000.0,220000.0,1000.0
ICSA_weekly_level_count,2025-01-16,2025-01-04,201000.0,203000.0,2000.0
ICSA_weekly_level_count,2025-02-06,2025-01-25,207000.0,208000.0,1000.0
ICSA_weekly_level_count,2025-02-13,2025-02-01,219000.0,220000.0,1000.0
ICSA_weekly_level_count,2025-02-20,2025-02-08,213000.0,214000.0,1000.0
ICSA_weekly_level_count,2025-02-27,2025-02-15,219000.0,220000.0,1000.0
ICSA_weekly_level_count,2025-03-13,2025-03-01,221000.0,222000.0,1000.0
ICSA_weekly_level_count,2025-03-20,2025-03-08,220000.0,221000.0,1000.0
ICSA_weekly_level_count,2025-03-27,2022-01-01,225000.0,227000.0,2000.0
ICSA_weekly_level_count,2025-03-27,2022-01-15,244000.0,245000.0,1000.0
ICSA_weekly_level_count,2025-03-27,2022-01-22,237000.0,238000.0,1000.0
ICSA_weekly_level_count,2025-03-27,2022-01-29,230000.0,231000.0,1000.0
ICSA_weekly_level_count,2025-03-27,2022-02-05,209000.0,210000.0,1000.0
ICSA_weekly_level_count,2025-03-27,2022-02-12,232000.0,234000.0,2000.0
ICSA_weekly_level_count,2025-03-27,2022-02-19,222000.0,225000.0,3000.0
ICSA_weekly_level_count,2025-03-27,2022-02-26,208000.0,209000.0,1000.0
ICSA_weekly_level_count,2025-03-27,2022-03-05,220000.0,222000.0,2000.0
ICSA_weekly_level_count,2025-03-27,2022-03-12,215000.0,217000.0,2000.0
ICSA_weekly_level_count,2025-03-27,2022-03-19,206000.0,207000.0,1000.0
ICSA_weekly_level_count,2025-03-27,2022-03-26,212000.0,214000.0,2000.0
ICSA_weekly_level_count,2025-03-27,2022-04-02,213000.0,215000.0,2000.0
ICSA_weekly_level_count,2025-03-27,2022-04-09,215000.0,213000.0,-2000.0
ICSA_weekly_level_count,2025-03-27,2022-05-07,206000.0,204000.0,-2000.0
ICSA_weekly_level_count,2025-03-27,2022-05-14,224000.0,225000.0,1000.0
ICSA_weekly_level_count,2025-03-27,2022-05-21,212000.0,211000.0,-1000.0
ICSA_weekly_level_count,2025-03-27,2022-05-28,201000.0,200000.0,-1000.0
ICSA_weekly_level_count,2025-03-27,2022-06-04,215000.0,214000.0,-1000.0
ICSA_weekly_level_count,2025-03-27,2022-06-11,214000.0,213000.0,-1000.0
ICSA_weekly_level_count,2025-03-27,2022-06-18,216000.0,215000.0,-1000.0
ICSA_weekly_level_count,2025-03-27,2022-06-25,213000.0,212000.0,-1000.0
ICSA_weekly_level_count,2025-03-27,2022-07-02,214000.0,215000.0,1000.0
ICSA_weekly_level_count,2025-03-27,2022-07-09,216000.0,212000.0,-4000.0
ICSA_weekly_level_count,2025-03-27,2022-07-16,217000.0,216000.0,-1000.0
ICSA_weekly_level_count,2025-03-27,2022-07-23,221000.0,220000.0,-1000.0
ICSA_weekly_level_count,2025-03-27,2022-07-30,229000.0,228000.0,-1000.0
ICSA_weekly_level_count,2025-03-27,2022-08-20,216000.0,215000.0,-1000.0
ICSA_weekly_level_count,2025-03-27,2022-09-03,205000.0,204000.0,-1000.0
ICSA_weekly_level_count,2025-03-27,2022-09-17,202000.0,201000.0,-1000.0
ICSA_weekly_level_count,2025-03-27,2022-09-24,187000.0,189000.0,2000.0
ICSA_weekly_level_count,2025-03-27,2022-10-08,207000.0,206000.0,-1000.0
ICSA_weekly_level_count,2025-03-27,2022-10-15,200000.0,199000.0,-1000.0
ICSA_weekly_level_count,2025-03-27,2022-11-12,208000.0,210000.0,2000.0
ICSA_weekly_level_count,2025-03-27,2022-11-19,219000.0,220000.0,1000.0
ICSA_weekly_level_count,2025-03-27,2022-12-03,210000.0,209000.0,-1000.0
ICSA_weekly_level_count,2025-03-27,2022-12-10,211000.0,210000.0,-1000.0
ICSA_weekly_level_count,2025-03-27,2022-12-17,211000.0,213000.0,2000.0
ICSA_weekly_level_count,2025-03-27,2022-12-24,207000.0,204000.0,-3000.0
ICSA_weekly_level_count,2025-03-27,2022-12-31,203000.0,204000.0,1000.0
ICSA_weekly_level_count,2025-03-27,2023-01-07,207000.0,208000.0,1000.0
ICSA_weekly_level_count,2025-03-27,2023-01-21,202000.0,203000.0,1000.0
ICSA_weekly_level_count,2025-03-27,2023-01-28,199000.0,200000.0,1000.0
ICSA_weekly_level_count,2025-03-27,2023-02-04,214000.0,215000.0,1000.0
ICSA_weekly_level_count,2025-03-27,2023-02-11,217000.0,219000.0,2000.0
ICSA_weekly_level_count,2025-03-27,2023-02-18,215000.0,217000.0,2000.0
ICSA_weekly_level_count,2025-03-27,2023-02-25,208000.0,209000.0,1000.0
ICSA_weekly_level_count,2025-03-27,2023-03-04,227000.0,229000.0,2000.0
ICSA_weekly_level_count,2025-03-27,2023-03-11,221000.0,222000.0,1000.0
ICSA_weekly_level_count,2025-03-27,2023-03-18,228000.0,230000.0,2000.0
ICSA_weekly_level_count,2025-03-27,2023-03-25,232000.0,234000.0,2000.0
ICSA_weekly_level_count,2025-03-27,2023-04-01,216000.0,217000.0,1000.0
ICSA_weekly_level_count,2025-03-27,2023-04-08,220000.0,219000.0,-1000.0
ICSA_weekly_level_count,2025-03-27,2023-04-15,224000.0,223000.0,-1000.0
ICSA_weekly_level_count,2025-03-27,2023-04-22,209000.0,210000.0,1000.0
ICSA_weekly_level_count,2025-03-27,2023-05-06,225000.0,223000.0,-2000.0
ICSA_weekly_level_count,2025-03-27,2023-05-27,231000.0,230000.0,-1000.0
ICSA_weekly_level_count,2025-03-27,2023-06-03,255000.0,253000.0,-2000.0
ICSA_weekly_level_count,2025-03-27,2023-06-10,260000.0,258000.0,-2000.0
ICSA_weekly_level_count,2025-03-27,2023-06-17,261000.0,260000.0,-1000.0
ICSA_weekly_level_count,2025-03-27,2023-06-24,238000.0,236000.0,-2000.0
ICSA_weekly_level_count,2025-03-27,2023-07-08,232000.0,229000.0,-3000.0
ICSA_weekly_level_count,2025-03-27,2023-07-15,231000.0,228000.0,-3000.0
ICSA_weekly_level_count,2025-03-27,2023-07-29,240000.0,238000.0,-2000.0
ICSA_weekly_level_count,2025-03-27,2023-08-19,241000.0,240000.0,-1000.0
ICSA_weekly_level_count,2025-03-27,2023-09-02,228000.0,227000.0,-1000.0
ICSA_weekly_level_count,2025-03-27,2023-09-23,213000.0,215000.0,2000.0
ICSA_weekly_level_count,2025-03-27,2023-10-07,211000.0,210000.0,-1000.0
ICSA_weekly_level_count,2025-03-27,2023-10-14,202000.0,200000.0,-2000.0
ICSA_weekly_level_count,2025-03-27,2023-10-21,213000.0,214000.0,1000.0
ICSA_weekly_level_count,2025-03-27,2023-10-28,216000.0,217000.0,1000.0
ICSA_weekly_level_count,2025-03-27,2023-11-11,228000.0,229000.0,1000.0
ICSA_weekly_level_count,2025-03-27,2023-11-25,213000.0,214000.0,1000.0
ICSA_weekly_level_count,2025-03-27,2023-12-09,205000.0,204000.0,-1000.0
ICSA_weekly_level_count,2025-03-27,2023-12-16,207000.0,209000.0,2000.0
ICSA_weekly_level_count,2025-03-27,2023-12-23,213000.0,210000.0,-3000.0
ICSA_weekly_level_count,2025-03-27,2024-01-06,198000.0,199000.0,1000.0
ICSA_weekly_level_count,2025-03-27,2024-01-13,194000.0,193000.0,-1000.0
ICSA_weekly_level_count,2025-03-27,2024-01-20,221000.0,223000.0,2000.0
ICSA_weekly_level_count,2025-03-27,2024-02-03,213000.0,214000.0,1000.0
ICSA_weekly_level_count,2025-03-27,2024-02-10,211000.0,212000.0,1000.0
ICSA_weekly_level_count,2025-03-27,2024-02-17,200000.0,203000.0,3000.0
ICSA_weekly_level_count,2025-03-27,2024-02-24,213000.0,214000.0,1000.0
ICSA_weekly_level_count,2025-03-27,2024-03-02,210000.0,212000.0,2000.0
ICSA_weekly_level_count,2025-03-27,2024-03-09,212000.0,213000.0,1000.0
ICSA_weekly_level_count,2025-03-27,2024-03-16,212000.0,213000.0,1000.0
ICSA_weekly_level_count,2025-03-27,2024-03-23,212000.0,214000.0,2000.0
ICSA_weekly_level_count,2025-03-27,2024-03-30,222000.0,223000.0,1000.0
ICSA_weekly_level_count,2025-03-27,2024-04-13,212000.0,211000.0,-1000.0
ICSA_weekly_level_count,2025-03-27,2024-04-20,208000.0,209000.0,1000.0
ICSA_weekly_level_count,2025-03-27,2024-05-04,232000.0,229000.0,-3000.0
ICSA_weekly_level_count,2025-03-27,2024-05-11,223000.0,222000.0,-1000.0
ICSA_weekly_level_count,2025-03-27,2024-06-08,243000.0,241000.0,-2000.0
ICSA_weekly_level_count,2025-03-27,2024-06-15,239000.0,237000.0,-2000.0
ICSA_weekly_level_count,2025-03-27,2024-06-22,234000.0,233000.0,-1000.0
ICSA_weekly_level_count,2025-03-27,2024-06-29,239000.0,238000.0,-1000.0
ICSA_weekly_level_count,2025-03-27,2024-07-06,223000.0,222000.0,-1000.0
ICSA_weekly_level_count,2025-03-27,2024-07-13,245000.0,240000.0,-5000.0
ICSA_weekly_level_count,2025-03-27,2024-07-20,235000.0,236000.0,1000.0
ICSA_weekly_level_count,2025-03-27,2024-07-27,250000.0,248000.0,-2000.0
ICSA_weekly_level_count,2025-03-27,2024-08-17,233000.0,232000.0,-1000.0
ICSA_weekly_level_count,2025-03-27,2024-09-07,231000.0,230000.0,-1000.0
ICSA_weekly_level_count,2025-03-27,2024-09-21,219000.0,221000.0,2000.0
ICSA_weekly_level_count,2025-03-27,2024-09-28,225000.0,227000.0,2000.0
ICSA_weekly_level_count,2025-03-27,2024-10-05,260000.0,259000.0,-1000.0
ICSA_weekly_level_count,2025-03-27,2024-10-12,242000.0,240000.0,-2000.0
ICSA_weekly_level_count,2025-03-27,2024-11-16,215000.0,216000.0,1000.0
ICSA_weekly_level_count,2025-03-27,2024-11-23,215000.0,216000.0,1000.0
ICSA_weekly_level_count,2025-03-27,2024-12-07,242000.0,239000.0,-3000.0
ICSA_weekly_level_count,2025-03-27,2024-12-14,220000.0,222000.0,2000.0
ICSA_weekly_level_count,2025-03-27,2024-12-21,220000.0,219000.0,-1000.0
ICSA_weekly_level_count,2025-03-27,2024-12-28,211000.0,209000.0,-2000.0
ICSA_weekly_level_count,2025-03-27,2025-01-04,203000.0,205000.0,2000.0
ICSA_weekly_level_count,2025-03-27,2025-01-18,223000.0,222000.0,-1000.0
ICSA_weekly_level_count,2025-03-27,2025-01-25,208000.0,210000.0,2000.0
ICSA_weekly_level_count,2025-03-27,2025-02-01,220000.0,222000.0,2000.0
ICSA_weekly_level_count,2025-03-27,2025-02-08,214000.0,215000.0,1000.0
ICSA_weekly_level_count,2025-03-27,2025-02-15,220000.0,224000.0,4000.0
ICSA_weekly_level_count,2025-03-27,2025-02-22,242000.0,243000.0,1000.0
ICSA_weekly_level_count,2025-03-27,2025-03-01,222000.0,224000.0,2000.0
ICSA_weekly_level_count,2025-03-27,2025-03-08,221000.0,223000.0,2000.0
ICSA_weekly_level_count,2025-03-27,2025-03-15,223000.0,225000.0,2000.0
ICSA_weekly_level_count,2025-04-03,2025-03-22,224000.0,225000.0,1000.0
ICSA_weekly_level_count,2025-04-17,2025-04-05,223000.0,224000.0,1000.0
ICSA_weekly_level_count,2025-04-24,2025-04-12,215000.0,216000.0,1000.0
ICSA_weekly_level_count,2025-05-01,2025-04-19,222000.0,223000.0,1000.0
ICSA_weekly_level_count,2025-05-15,2025-05-03,228000.0,229000.0,1000.0
ICSA_weekly_level_count,2025-05-29,2025-05-10,229000.0,228000.0,-1000.0
ICSA_weekly_level_count,2025-05-29,2025-05-17,227000.0,226000.0,-1000.0
ICSA_weekly_level_count,2025-06-05,2025-05-24,240000.0,239000.0,-1000.0
ICSA_weekly_level_count,2025-06-12,2025-05-31,247000.0,248000.0,1000.0
ICSA_weekly_level_count,2025-06-18,2025-06-07,248000.0,250000.0,2000.0
ICSA_weekly_level_count,2025-06-26,2025-06-14,245000.0,246000.0,1000.0
ICSA_weekly_level_count,2025-07-03,2025-06-21,236000.0,237000.0,1000.0
ICSA_weekly_level_count,2025-07-10,2025-06-28,233000.0,232000.0,-1000.0
ICSA_weekly_level_count,2025-07-17,2025-07-05,227000.0,228000.0,1000.0
ICSA_weekly_level_count,2025-08-07,2025-07-26,218000.0,219000.0,1000.0
ICSA_weekly_level_count,2025-08-14,2025-08-02,226000.0,227000.0,1000.0
ICSA_weekly_level_count,2025-08-28,2025-08-16,235000.0,234000.0,-1000.0
ICSA_weekly_level_count,2025-09-11,2025-08-30,237000.0,236000.0,-1000.0
ICSA_weekly_level_count,2025-09-18,2025-09-06,263000.0,264000.0,1000.0
ICSA_weekly_level_count,2025-09-25,2025-09-13,231000.0,232000.0,1000.0
ICSA_weekly_level_count,2025-11-20,2025-09-20,218000.0,219000.0,1000.0
ICSA_weekly_level_count,2025-11-26,2025-11-15,220000.0,222000.0,2000.0
ICSA_weekly_level_count,2025-12-04,2025-11-22,216000.0,218000.0,2000.0
ICSA_weekly_level_count,2025-12-11,2025-11-22,218000.0,217000.0,-1000.0
ICSA_weekly_level_count,2025-12-11,2025-11-29,191000.0,192000.0,1000.0
ICSA_weekly_level_count,2025-12-18,2025-12-06,236000.0,237000.0,1000.0
ICSA_weekly_level_count,2025-12-31,2025-12-20,214000.0,215000.0,1000.0
ICSA_weekly_level_count,2026-01-08,2025-12-27,199000.0,200000.0,1000.0
ICSA_weekly_level_count,2026-01-15,2026-01-03,208000.0,207000.0,-1000.0
ICSA_weekly_level_count,2026-01-22,2026-01-10,198000.0,199000.0,1000.0
ICSA_weekly_level_count,2026-01-29,2026-01-17,200000.0,210000.0,10000.0
ICSA_weekly_level_count,2026-02-12,2026-01-31,231000.0,232000.0,1000.0
ICSA_weekly_level_count,2026-02-19,2026-02-07,227000.0,229000.0,2000.0
ICSA_weekly_level_count,2026-02-26,2026-02-14,206000.0,208000.0,2000.0
ICSA_weekly_level_count,2026-03-05,2025-05-31,248000.0,246000.0,-2000.0
ICSA_weekly_level_count,2026-03-05,2025-06-07,250000.0,248000.0,-2000.0
ICSA_weekly_level_count,2026-03-05,2026-02-21,212000.0,213000.0,1000.0
ICSA_weekly_level_count,2026-03-12,2026-02-28,213000.0,214000.0,1000.0
ICSA_weekly_level_count,2026-03-19,2022-01-01,227000.0,229000.0,2000.0
ICSA_weekly_level_count,2026-03-19,2022-01-08,247000.0,250000.0,3000.0
ICSA_weekly_level_count,2026-03-19,2022-01-15,245000.0,246000.0,1000.0
ICSA_weekly_level_count,2026-03-19,2022-01-22,238000.0,240000.0,2000.0
ICSA_weekly_level_count,2026-03-19,2022-02-19,225000.0,224000.0,-1000.0
ICSA_weekly_level_count,2026-03-19,2022-02-26,209000.0,208000.0,-1000.0
ICSA_weekly_level_count,2026-03-19,2022-04-02,215000.0,214000.0,-1000.0
ICSA_weekly_level_count,2026-03-19,2022-04-09,213000.0,214000.0,1000.0
ICSA_weekly_level_count,2026-03-19,2022-04-16,209000.0,210000.0,1000.0
ICSA_weekly_level_count,2026-03-19,2022-04-23,210000.0,209000.0,-1000.0
ICSA_weekly_level_count,2026-03-19,2022-04-30,219000.0,218000.0,-1000.0
ICSA_weekly_level_count,2026-03-19,2022-05-28,200000.0,199000.0,-1000.0
ICSA_weekly_level_count,2026-03-19,2022-06-04,214000.0,213000.0,-1000.0
ICSA_weekly_level_count,2026-03-19,2022-06-11,213000.0,211000.0,-2000.0
ICSA_weekly_level_count,2026-03-19,2022-06-18,215000.0,214000.0,-1000.0
ICSA_weekly_level_count,2026-03-19,2022-07-02,215000.0,214000.0,-1000.0
ICSA_weekly_level_count,2026-03-19,2022-07-23,220000.0,221000.0,1000.0
ICSA_weekly_level_count,2026-03-19,2022-09-03,204000.0,203000.0,-1000.0
ICSA_weekly_level_count,2026-03-19,2022-09-10,197000.0,195000.0,-2000.0
ICSA_weekly_level_count,2026-03-19,2022-09-17,201000.0,202000.0,1000.0
ICSA_weekly_level_count,2026-03-19,2022-09-24,189000.0,190000.0,1000.0
ICSA_weekly_level_count,2026-03-19,2022-10-01,204000.0,203000.0,-1000.0
ICSA_weekly_level_count,2026-03-19,2022-10-08,206000.0,207000.0,1000.0
ICSA_weekly_level_count,2026-03-19,2022-10-22,201000.0,202000.0,1000.0
ICSA_weekly_level_count,2026-03-19,2022-12-10,210000.0,209000.0,-1000.0
ICSA_weekly_level_count,2026-03-19,2022-12-24,204000.0,205000.0,1000.0
ICSA_weekly_level_count,2026-03-19,2022-12-31,204000.0,205000.0,1000.0
ICSA_weekly_level_count,2026-03-19,2023-01-07,208000.0,210000.0,2000.0
ICSA_weekly_level_count,2026-03-19,2023-01-14,203000.0,204000.0,1000.0
ICSA_weekly_level_count,2026-03-19,2023-01-21,203000.0,204000.0,1000.0
ICSA_weekly_level_count,2026-03-19,2023-02-11,219000.0,220000.0,1000.0
ICSA_weekly_level_count,2026-03-19,2023-02-25,209000.0,207000.0,-2000.0
ICSA_weekly_level_count,2026-03-19,2023-03-04,229000.0,230000.0,1000.0
ICSA_weekly_level_count,2026-03-19,2023-04-08,219000.0,220000.0,1000.0
ICSA_weekly_level_count,2026-03-19,2023-04-22,210000.0,209000.0,-1000.0
ICSA_weekly_level_count,2026-03-19,2023-04-29,214000.0,213000.0,-1000.0
ICSA_weekly_level_count,2026-03-19,2023-05-27,230000.0,229000.0,-1000.0
ICSA_weekly_level_count,2026-03-19,2023-06-03,253000.0,252000.0,-1000.0
ICSA_weekly_level_count,2026-03-19,2023-06-10,258000.0,256000.0,-2000.0
ICSA_weekly_level_count,2026-03-19,2023-06-17,260000.0,259000.0,-1000.0
ICSA_weekly_level_count,2026-03-19,2023-07-08,229000.0,230000.0,1000.0
ICSA_weekly_level_count,2026-03-19,2023-07-15,228000.0,229000.0,1000.0
ICSA_weekly_level_count,2026-03-19,2023-09-02,227000.0,225000.0,-2000.0
ICSA_weekly_level_count,2026-03-19,2023-09-09,227000.0,225000.0,-2000.0
ICSA_weekly_level_count,2026-03-19,2023-09-16,210000.0,211000.0,1000.0
ICSA_weekly_level_count,2026-03-19,2023-09-23,215000.0,216000.0,1000.0
ICSA_weekly_level_count,2026-03-19,2023-11-11,229000.0,230000.0,1000.0
ICSA_weekly_level_count,2026-03-19,2023-11-25,214000.0,213000.0,-1000.0
ICSA_weekly_level_count,2026-03-19,2023-12-02,216000.0,215000.0,-1000.0
ICSA_weekly_level_count,2026-03-19,2023-12-09,204000.0,203000.0,-1000.0
ICSA_weekly_level_count,2026-03-19,2023-12-23,210000.0,212000.0,2000.0
ICSA_weekly_level_count,2026-03-19,2023-12-30,198000.0,200000.0,2000.0
ICSA_weekly_level_count,2026-03-19,2024-01-06,199000.0,201000.0,2000.0
ICSA_weekly_level_count,2026-03-19,2024-01-13,193000.0,195000.0,2000.0
ICSA_weekly_level_count,2026-03-19,2024-01-20,223000.0,224000.0,1000.0
ICSA_weekly_level_count,2026-03-19,2024-01-27,225000.0,226000.0,1000.0
ICSA_weekly_level_count,2026-03-19,2024-02-03,214000.0,213000.0,-1000.0
ICSA_weekly_level_count,2026-03-19,2024-02-10,212000.0,213000.0,1000.0
ICSA_weekly_level_count,2026-03-19,2024-02-17,203000.0,202000.0,-1000.0
ICSA_weekly_level_count,2026-03-19,2024-02-24,214000.0,212000.0,-2000.0
ICSA_weekly_level_count,2026-03-19,2024-03-02,212000.0,213000.0,1000.0
ICSA_weekly_level_count,2026-03-19,2024-04-06,212000.0,213000.0,1000.0
ICSA_weekly_level_count,2026-03-19,2024-04-13,211000.0,212000.0,1000.0
ICSA_weekly_level_count,2026-03-19,2024-04-27,209000.0,207000.0,-2000.0
ICSA_weekly_level_count,2026-03-19,2024-05-04,229000.0,230000.0,1000.0
ICSA_weekly_level_count,2026-03-19,2024-05-25,221000.0,220000.0,-1000.0
ICSA_weekly_level_count,2026-03-19,2024-06-01,229000.0,227000.0,-2000.0
ICSA_weekly_level_count,2026-03-19,2024-06-08,241000.0,240000.0,-1000.0
ICSA_weekly_level_count,2026-03-19,2024-06-15,237000.0,236000.0,-1000.0
ICSA_weekly_level_count,2026-03-19,2024-07-06,222000.0,223000.0,1000.0
ICSA_weekly_level_count,2026-03-19,2024-07-13,240000.0,241000.0,1000.0
ICSA_weekly_level_count,2026-03-19,2024-07-20,236000.0,237000.0,1000.0
ICSA_weekly_level_count,2026-03-19,2024-08-31,228000.0,227000.0,-1000.0
ICSA_weekly_level_count,2026-03-19,2024-09-07,230000.0,227000.0,-3000.0
ICSA_weekly_level_count,2026-03-19,2024-09-14,222000.0,223000.0,1000.0
ICSA_weekly_level_count,2026-03-19,2024-10-05,259000.0,258000.0,-1000.0
ICSA_weekly_level_count,2026-03-19,2024-10-12,240000.0,241000.0,1000.0
ICSA_weekly_level_count,2026-03-19,2024-10-19,228000.0,227000.0,-1000.0
ICSA_weekly_level_count,2026-03-19,2024-10-26,218000.0,219000.0,1000.0
ICSA_weekly_level_count,2026-03-19,2024-11-09,219000.0,218000.0,-1000.0
ICSA_weekly_level_count,2026-03-19,2024-11-23,216000.0,219000.0,3000.0
ICSA_weekly_level_count,2026-03-19,2024-11-30,225000.0,222000.0,-3000.0
ICSA_weekly_level_count,2026-03-19,2024-12-07,239000.0,238000.0,-1000.0
ICSA_weekly_level_count,2026-03-19,2024-12-28,209000.0,212000.0,3000.0
ICSA_weekly_level_count,2026-03-19,2025-01-04,205000.0,206000.0,1000.0
ICSA_weekly_level_count,2026-03-19,2025-01-11,217000.0,219000.0,2000.0
ICSA_weekly_level_count,2026-03-19,2025-01-18,222000.0,223000.0,1000.0
ICSA_weekly_level_count,2026-03-19,2025-01-25,210000.0,212000.0,2000.0
ICSA_weekly_level_count,2026-03-19,2025-02-01,222000.0,220000.0,-2000.0
ICSA_weekly_level_count,2026-03-19,2025-02-08,215000.0,216000.0,1000.0
ICSA_weekly_level_count,2026-03-19,2025-02-15,224000.0,223000.0,-1000.0
ICSA_weekly_level_count,2026-03-19,2025-02-22,243000.0,241000.0,-2000.0
ICSA_weekly_level_count,2026-03-19,2025-03-08,223000.0,222000.0,-1000.0
ICSA_weekly_level_count,2026-03-19,2025-03-22,225000.0,224000.0,-1000.0
ICSA_weekly_level_count,2026-03-19,2025-03-29,219000.0,220000.0,1000.0
ICSA_weekly_level_count,2026-03-19,2025-04-05,224000.0,223000.0,-1000.0
ICSA_weekly_level_count,2026-03-19,2025-04-12,216000.0,217000.0,1000.0
ICSA_weekly_level_count,2026-03-19,2025-04-19,223000.0,224000.0,1000.0
ICSA_weekly_level_count,2026-03-19,2025-04-26,241000.0,239000.0,-2000.0
ICSA_weekly_level_count,2026-03-19,2025-05-03,229000.0,228000.0,-1000.0
ICSA_weekly_level_count,2026-03-19,2025-05-10,228000.0,226000.0,-2000.0
ICSA_weekly_level_count,2026-03-19,2025-05-17,226000.0,225000.0,-1000.0
ICSA_weekly_level_count,2026-03-19,2025-05-24,239000.0,236000.0,-3000.0
ICSA_weekly_level_count,2026-03-19,2025-05-31,246000.0,244000.0,-2000.0
ICSA_weekly_level_count,2026-03-19,2025-06-07,248000.0,246000.0,-2000.0
ICSA_weekly_level_count,2026-03-19,2025-06-14,246000.0,243000.0,-3000.0
ICSA_weekly_level_count,2026-03-19,2025-06-21,237000.0,236000.0,-1000.0
ICSA_weekly_level_count,2026-03-19,2025-06-28,232000.0,231000.0,-1000.0
ICSA_weekly_level_count,2026-03-19,2025-07-19,217000.0,218000.0,1000.0
ICSA_weekly_level_count,2026-03-19,2025-08-02,227000.0,226000.0,-1000.0
ICSA_weekly_level_count,2026-03-19,2025-08-16,234000.0,233000.0,-1000.0
ICSA_weekly_level_count,2026-03-19,2025-09-06,264000.0,259000.0,-5000.0
ICSA_weekly_level_count,2026-03-19,2025-09-13,232000.0,233000.0,1000.0
ICSA_weekly_level_count,2026-03-19,2025-09-27,224000.0,225000.0,1000.0
ICSA_weekly_level_count,2026-03-19,2025-10-04,235000.0,233000.0,-2000.0
ICSA_weekly_level_count,2026-03-19,2025-10-11,220000.0,222000.0,2000.0
ICSA_weekly_level_count,2026-03-19,2025-10-18,232000.0,231000.0,-1000.0
ICSA_weekly_level_count,2026-03-19,2025-10-25,220000.0,221000.0,1000.0
ICSA_weekly_level_count,2026-03-19,2025-11-01,229000.0,228000.0,-1000.0
ICSA_weekly_level_count,2026-03-19,2025-11-22,217000.0,218000.0,1000.0
ICSA_weekly_level_count,2026-03-19,2025-11-29,192000.0,216000.0,24000.0
ICSA_weekly_level_count,2026-03-19,2025-12-06,237000.0,235000.0,-2000.0
ICSA_weekly_level_count,2026-03-19,2025-12-27,200000.0,203000.0,3000.0
ICSA_weekly_level_count,2026-03-19,2026-01-10,199000.0,201000.0,2000.0
ICSA_weekly_level_count,2026-03-19,2026-01-24,209000.0,211000.0,2000.0
ICSA_weekly_level_count,2026-03-19,2026-01-31,232000.0,230000.0,-2000.0
ICSA_weekly_level_count,2026-03-19,2026-02-07,229000.0,230000.0,1000.0
ICSA_weekly_level_count,2026-03-19,2026-02-21,213000.0,211000.0,-2000.0
ICSA_weekly_level_count,2026-04-02,2026-03-21,210000.0,211000.0,1000.0
ICSA_weekly_level_count,2026-04-09,2026-03-28,202000.0,203000.0,1000.0
ICSA_weekly_level_count,2026-04-16,2026-04-04,219000.0,218000.0,-1000.0
ICSA_weekly_level_count,2026-04-23,2026-04-11,207000.0,208000.0,1000.0
ICSA_weekly_level_count,2026-04-30,2026-04-18,214000.0,215000.0,1000.0
ICSA_weekly_level_count,2026-05-07,2026-04-25,189000.0,190000.0,1000.0
ICSA_weekly_level_count,2026-05-14,2026-05-02,200000.0,199000.0,-1000.0
ICSA_weekly_level_count,2026-05-21,2026-05-09,211000.0,212000.0,1000.0
ICSA_weekly_level_count,2026-05-28,2026-05-16,209000.0,210000.0,1000.0
ICSA_weekly_level_count,2026-06-04,2026-05-23,215000.0,212000.0,-3000.0
ICSA_weekly_level_count,2026-06-18,2026-06-06,229000.0,230000.0,1000.0
ICSA_weekly_level_count,2026-06-25,2026-06-13,226000.0,227000.0,1000.0
ICSA_weekly_level_count,2026-07-02,2026-06-20,215000.0,216000.0,1000.0
ICSA_weekly_level_count,2026-07-09,2026-06-27,215000.0,217000.0,2000.0
ICSA_weekly_level_count,2026-07-16,2026-07-04,215000.0,216000.0,1000.0
ICSA_weekly_level_count,2026-07-23,2026-07-04,216000.0,217000.0,1000.0
ICSA_weekly_level_count,2026-07-23,2026-07-11,208000.0,209000.0,1000.0
ICSA_weekly_level_count,2026-07-30,2026-07-18,187000.0,188000.0,1000.0
PAYEMS_monthly_change_thousands,2022-03-04,2022-01-01,467.0,481.0,14.0
PAYEMS_monthly_change_thousands,2022-04-01,2022-01-01,481.0,504.0,23.0
PAYEMS_monthly_change_thousands,2022-04-01,2022-02-01,678.0,750.0,72.0
PAYEMS_monthly_change_thousands,2022-05-06,2022-02-01,750.0,714.0,-36.0
PAYEMS_monthly_change_thousands,2022-05-06,2022-03-01,431.0,428.0,-3.0
PAYEMS_monthly_change_thousands,2022-06-03,2022-03-01,428.0,398.0,-30.0
PAYEMS_monthly_change_thousands,2022-06-03,2022-04-01,428.0,436.0,8.0
PAYEMS_monthly_change_thousands,2022-07-08,2022-04-01,436.0,368.0,-68.0
PAYEMS_monthly_change_thousands,2022-07-08,2022-05-01,390.0,384.0,-6.0
PAYEMS_monthly_change_thousands,2022-08-05,2022-05-01,384.0,386.0,2.0
PAYEMS_monthly_change_thousands,2022-08-05,2022-06-01,372.0,398.0,26.0
PAYEMS_monthly_change_thousands,2022-09-02,2022-06-01,398.0,293.0,-105.0
PAYEMS_monthly_change_thousands,2022-09-02,2022-07-01,528.0,526.0,-2.0
PAYEMS_monthly_change_thousands,2022-10-07,2022-07-01,526.0,537.0,11.0
PAYEMS_monthly_change_thousands,2022-11-04,2022-08-01,315.0,292.0,-23.0
PAYEMS_monthly_change_thousands,2022-11-04,2022-09-01,263.0,315.0,52.0
PAYEMS_monthly_change_thousands,2022-12-02,2022-09-01,315.0,269.0,-46.0
PAYEMS_monthly_change_thousands,2022-12-02,2022-10-01,261.0,284.0,23.0
PAYEMS_monthly_change_thousands,2023-01-06,2022-10-01,284.0,263.0,-21.0
PAYEMS_monthly_change_thousands,2023-01-06,2022-11-01,263.0,256.0,-7.0
PAYEMS_monthly_change_thousands,2023-02-03,2022-01-01,504.0,364.0,-140.0
PAYEMS_monthly_change_thousands,2023-02-03,2022-02-01,714.0,904.0,190.0
PAYEMS_monthly_change_thousands,2023-02-03,2022-03-01,398.0,414.0,16.0
PAYEMS_monthly_change_thousands,2023-02-03,2022-04-01,368.0,254.0,-114.0
PAYEMS_monthly_change_thousands,2023-02-03,2022-05-01,386.0,364.0,-22.0
PAYEMS_monthly_change_thousands,2023-02-03,2022-06-01,293.0,370.0,77.0
PAYEMS_monthly_change_thousands,2023-02-03,2022-07-01,537.0,568.0,31.0
PAYEMS_monthly_change_thousands,2023-02-03,2022-08-01,292.0,352.0,60.0
PAYEMS_monthly_change_thousands,2023-02-03,2022-09-01,269.0,350.0,81.0
PAYEMS_monthly_change_thousands,2023-02-03,2022-10-01,263.0,324.0,61.0
PAYEMS_monthly_change_thousands,2023-02-03,2022-11-01,256.0,290.0,34.0
PAYEMS_monthly_change_thousands,2023-02-03,2022-12-01,223.0,260.0,37.0
PAYEMS_monthly_change_thousands,2023-03-10,2022-12-01,260.0,239.0,-21.0
PAYEMS_monthly_change_thousands,2023-03-10,2023-01-01,517.0,504.0,-13.0
PAYEMS_monthly_change_thousands,2023-04-07,2023-01-01,504.0,472.0,-32.0
PAYEMS_monthly_change_thousands,2023-04-07,2023-02-01,311.0,326.0,15.0
PAYEMS_monthly_change_thousands,2023-05-05,2023-02-01,326.0,248.0,-78.0
PAYEMS_monthly_change_thousands,2023-05-05,2023-03-01,236.0,165.0,-71.0
PAYEMS_monthly_change_thousands,2023-06-02,2023-03-01,165.0,217.0,52.0
PAYEMS_monthly_change_thousands,2023-06-02,2023-04-01,253.0,294.0,41.0
PAYEMS_monthly_change_thousands,2023-07-07,2023-04-01,294.0,217.0,-77.0
PAYEMS_monthly_change_thousands,2023-07-07,2023-05-01,339.0,306.0,-33.0
PAYEMS_monthly_change_thousands,2023-08-04,2023-05-01,306.0,281.0,-25.0
PAYEMS_monthly_change_thousands,2023-08-04,2023-06-01,209.0,185.0,-24.0
PAYEMS_monthly_change_thousands,2023-09-01,2023-06-01,185.0,105.0,-80.0
PAYEMS_monthly_change_thousands,2023-09-01,2023-07-01,187.0,157.0,-30.0
PAYEMS_monthly_change_thousands,2023-10-06,2023-07-01,157.0,236.0,79.0
PAYEMS_monthly_change_thousands,2023-10-06,2023-08-01,187.0,227.0,40.0
PAYEMS_monthly_change_thousands,2023-11-03,2023-08-01,227.0,165.0,-62.0
PAYEMS_monthly_change_thousands,2023-11-03,2023-09-01,336.0,297.0,-39.0
PAYEMS_monthly_change_thousands,2023-12-08,2023-09-01,297.0,262.0,-35.0
PAYEMS_monthly_change_thousands,2024-01-05,2023-10-01,150.0,105.0,-45.0
PAYEMS_monthly_change_thousands,2024-01-05,2023-11-01,199.0,173.0,-26.0
PAYEMS_monthly_change_thousands,2024-02-02,2022-01-01,364.0,251.0,-113.0
PAYEMS_monthly_change_thousands,2024-02-02,2022-02-01,904.0,862.0,-42.0
PAYEMS_monthly_change_thousands,2024-02-02,2022-03-01,414.0,494.0,80.0
PAYEMS_monthly_change_thousands,2024-02-02,2022-04-01,254.0,272.0,18.0
PAYEMS_monthly_change_thousands,2024-02-02,2022-05-01,364.0,286.0,-78.0
PAYEMS_monthly_change_thousands,2024-02-02,2022-06-01,370.0,420.0,50.0
PAYEMS_monthly_change_thousands,2024-02-02,2022-07-01,568.0,690.0,122.0
PAYEMS_monthly_change_thousands,2024-02-02,2022-08-01,352.0,243.0,-109.0
PAYEMS_monthly_change_thousands,2024-02-02,2022-09-01,350.0,255.0,-95.0
PAYEMS_monthly_change_thousands,2024-02-02,2022-10-01,324.0,361.0,37.0
PAYEMS_monthly_change_thousands,2024-02-02,2022-11-01,290.0,258.0,-32.0
PAYEMS_monthly_change_thousands,2024-02-02,2022-12-01,239.0,136.0,-103.0
PAYEMS_monthly_change_thousands,2024-02-02,2023-01-01,472.0,482.0,10.0
PAYEMS_monthly_change_thousands,2024-02-02,2023-02-01,248.0,287.0,39.0
PAYEMS_monthly_change_thousands,2024-02-02,2023-03-01,217.0,146.0,-71.0
PAYEMS_monthly_change_thousands,2024-02-02,2023-04-01,217.0,278.0,61.0
PAYEMS_monthly_change_thousands,2024-02-02,2023-05-01,281.0,303.0,22.0
PAYEMS_monthly_change_thousands,2024-02-02,2023-06-01,105.0,240.0,135.0
PAYEMS_monthly_change_thousands,2024-02-02,2023-07-01,236.0,184.0,-52.0
PAYEMS_monthly_change_thousands,2024-02-02,2023-08-01,165.0,210.0,45.0
PAYEMS_monthly_change_thousands,2024-02-02,2023-09-01,262.0,246.0,-16.0
PAYEMS_monthly_change_thousands,2024-02-02,2023-10-01,105.0,165.0,60.0
PAYEMS_monthly_change_thousands,2024-02-02,2023-11-01,173.0,182.0,9.0
PAYEMS_monthly_change_thousands,2024-02-02,2023-12-01,216.0,333.0,117.0
PAYEMS_monthly_change_thousands,2024-03-08,2023-12-01,333.0,290.0,-43.0
PAYEMS_monthly_change_thousands,2024-03-08,2024-01-01,353.0,229.0,-124.0
PAYEMS_monthly_change_thousands,2024-04-05,2024-01-01,229.0,256.0,27.0
PAYEMS_monthly_change_thousands,2024-04-05,2024-02-01,275.0,270.0,-5.0
PAYEMS_monthly_change_thousands,2024-05-03,2024-02-01,270.0,236.0,-34.0
PAYEMS_monthly_change_thousands,2024-05-03,2024-03-01,303.0,315.0,12.0
PAYEMS_monthly_change_thousands,2024-06-07,2024-03-01,315.0,310.0,-5.0
PAYEMS_monthly_change_thousands,2024-06-07,2024-04-01,175.0,165.0,-10.0
PAYEMS_monthly_change_thousands,2024-07-05,2024-04-01,165.0,108.0,-57.0
PAYEMS_monthly_change_thousands,2024-07-05,2024-05-01,272.0,218.0,-54.0
PAYEMS_monthly_change_thousands,2024-08-02,2024-05-01,218.0,216.0,-2.0
PAYEMS_monthly_change_thousands,2024-08-02,2024-06-01,206.0,179.0,-27.0
PAYEMS_monthly_change_thousands,2024-09-06,2024-06-01,179.0,118.0,-61.0
PAYEMS_monthly_change_thousands,2024-09-06,2024-07-01,114.0,89.0,-25.0
PAYEMS_monthly_change_thousands,2024-10-04,2024-07-01,89.0,144.0,55.0
PAYEMS_monthly_change_thousands,2024-10-04,2024-08-01,142.0,159.0,17.0
PAYEMS_monthly_change_thousands,2024-11-01,2024-08-01,159.0,78.0,-81.0
PAYEMS_monthly_change_thousands,2024-11-01,2024-09-01,254.0,223.0,-31.0
PAYEMS_monthly_change_thousands,2024-12-06,2024-09-01,223.0,255.0,32.0
PAYEMS_monthly_change_thousands,2024-12-06,2024-10-01,12.0,36.0,24.0
PAYEMS_monthly_change_thousands,2025-01-10,2024-10-01,36.0,43.0,7.0
PAYEMS_monthly_change_thousands,2025-01-10,2024-11-01,227.0,212.0,-15.0
PAYEMS_monthly_change_thousands,2025-02-07,2022-01-01,251.0,225.0,-26.0
PAYEMS_monthly_change_thousands,2025-02-07,2022-02-01,862.0,869.0,7.0
PAYEMS_monthly_change_thousands,2025-02-07,2022-03-01,494.0,471.0,-23.0
PAYEMS_monthly_change_thousands,2025-02-07,2022-04-01,272.0,305.0,33.0
PAYEMS_monthly_change_thousands,2025-02-07,2022-05-01,286.0,241.0,-45.0
PAYEMS_monthly_change_thousands,2025-02-07,2022-06-01,420.0,461.0,41.0
PAYEMS_monthly_change_thousands,2025-02-07,2022-07-01,690.0,696.0,6.0
PAYEMS_monthly_change_thousands,2025-02-07,2022-08-01,243.0,237.0,-6.0
PAYEMS_monthly_change_thousands,2025-02-07,2022-09-01,255.0,227.0,-28.0
PAYEMS_monthly_change_thousands,2025-02-07,2022-10-01,361.0,400.0,39.0
PAYEMS_monthly_change_thousands,2025-02-07,2022-11-01,258.0,297.0,39.0
PAYEMS_monthly_change_thousands,2025-02-07,2022-12-01,136.0,126.0,-10.0
PAYEMS_monthly_change_thousands,2025-02-07,2023-01-01,482.0,444.0,-38.0
PAYEMS_monthly_change_thousands,2025-02-07,2023-02-01,287.0,306.0,19.0
PAYEMS_monthly_change_thousands,2025-02-07,2023-03-01,146.0,85.0,-61.0
PAYEMS_monthly_change_thousands,2025-02-07,2023-04-01,278.0,216.0,-62.0
PAYEMS_monthly_change_thousands,2025-02-07,2023-05-01,303.0,227.0,-76.0
PAYEMS_monthly_change_thousands,2025-02-07,2023-06-01,240.0,257.0,17.0
PAYEMS_monthly_change_thousands,2025-02-07,2023-07-01,184.0,148.0,-36.0
PAYEMS_monthly_change_thousands,2025-02-07,2023-08-01,210.0,157.0,-53.0
PAYEMS_monthly_change_thousands,2025-02-07,2023-09-01,246.0,158.0,-88.0
PAYEMS_monthly_change_thousands,2025-02-07,2023-10-01,165.0,186.0,21.0
PAYEMS_monthly_change_thousands,2025-02-07,2023-11-01,182.0,141.0,-41.0
PAYEMS_monthly_change_thousands,2025-02-07,2023-12-01,290.0,269.0,-21.0
PAYEMS_monthly_change_thousands,2025-02-07,2024-01-01,256.0,119.0,-137.0
PAYEMS_monthly_change_thousands,2025-02-07,2024-02-01,236.0,222.0,-14.0
PAYEMS_monthly_change_thousands,2025-02-07,2024-03-01,310.0,246.0,-64.0
PAYEMS_monthly_change_thousands,2025-02-07,2024-04-01,108.0,118.0,10.0
PAYEMS_monthly_change_thousands,2025-02-07,2024-05-01,216.0,193.0,-23.0
PAYEMS_monthly_change_thousands,2025-02-07,2024-06-01,118.0,87.0,-31.0
PAYEMS_monthly_change_thousands,2025-02-07,2024-07-01,144.0,88.0,-56.0
PAYEMS_monthly_change_thousands,2025-02-07,2024-08-01,78.0,71.0,-7.0
PAYEMS_monthly_change_thousands,2025-02-07,2024-09-01,255.0,240.0,-15.0
PAYEMS_monthly_change_thousands,2025-02-07,2024-10-01,43.0,44.0,1.0
PAYEMS_monthly_change_thousands,2025-02-07,2024-11-01,212.0,261.0,49.0
PAYEMS_monthly_change_thousands,2025-02-07,2024-12-01,256.0,307.0,51.0
PAYEMS_monthly_change_thousands,2025-03-07,2024-12-01,307.0,323.0,16.0
PAYEMS_monthly_change_thousands,2025-03-07,2025-01-01,143.0,125.0,-18.0
PAYEMS_monthly_change_thousands,2025-04-04,2025-01-01,125.0,111.0,-14.0
PAYEMS_monthly_change_thousands,2025-04-04,2025-02-01,151.0,117.0,-34.0
PAYEMS_monthly_change_thousands,2025-05-02,2025-02-01,117.0,102.0,-15.0
PAYEMS_monthly_change_thousands,2025-05-02,2025-03-01,228.0,185.0,-43.0
PAYEMS_monthly_change_thousands,2025-06-06,2025-03-01,185.0,120.0,-65.0
PAYEMS_monthly_change_thousands,2025-06-06,2025-04-01,177.0,147.0,-30.0
PAYEMS_monthly_change_thousands,2025-07-03,2025-04-01,147.0,158.0,11.0
PAYEMS_monthly_change_thousands,2025-07-03,2025-05-01,139.0,144.0,5.0
PAYEMS_monthly_change_thousands,2025-08-01,2025-05-01,144.0,19.0,-125.0
PAYEMS_monthly_change_thousands,2025-08-01,2025-06-01,147.0,14.0,-133.0
PAYEMS_monthly_change_thousands,2025-09-05,2025-06-01,14.0,-13.0,-27.0
PAYEMS_monthly_change_thousands,2025-09-05,2025-07-01,73.0,79.0,6.0
PAYEMS_monthly_change_thousands,2025-11-20,2025-07-01,79.0,72.0,-7.0
PAYEMS_monthly_change_thousands,2025-11-20,2025-08-01,22.0,-4.0,-26.0
PAYEMS_monthly_change_thousands,2025-12-16,2025-08-01,-4.0,-26.0,-22.0
PAYEMS_monthly_change_thousands,2025-12-16,2025-09-01,119.0,108.0,-11.0
PAYEMS_monthly_change_thousands,2026-01-09,2025-10-01,-105.0,-173.0,-68.0
PAYEMS_monthly_change_thousands,2026-01-09,2025-11-01,64.0,56.0,-8.0
PAYEMS_monthly_change_thousands,2026-02-11,2022-01-01,225.0,190.0,-35.0
PAYEMS_monthly_change_thousands,2026-02-11,2022-02-01,869.0,819.0,-50.0
PAYEMS_monthly_change_thousands,2026-02-11,2022-03-01,471.0,490.0,19.0
PAYEMS_monthly_change_thousands,2026-02-11,2022-04-01,305.0,308.0,3.0
PAYEMS_monthly_change_thousands,2026-02-11,2022-05-01,241.0,301.0,60.0
PAYEMS_monthly_change_thousands,2026-02-11,2022-06-01,461.0,434.0,-27.0
PAYEMS_monthly_change_thousands,2026-02-11,2022-07-01,696.0,714.0,18.0
PAYEMS_monthly_change_thousands,2026-02-11,2022-08-01,237.0,290.0,53.0
PAYEMS_monthly_change_thousands,2026-02-11,2022-09-01,227.0,220.0,-7.0
PAYEMS_monthly_change_thousands,2026-02-11,2022-10-01,400.0,357.0,-43.0
PAYEMS_monthly_change_thousands,2026-02-11,2022-11-01,297.0,303.0,6.0
PAYEMS_monthly_change_thousands,2026-02-11,2022-12-01,126.0,100.0,-26.0
PAYEMS_monthly_change_thousands,2026-02-11,2023-01-01,444.0,434.0,-10.0
PAYEMS_monthly_change_thousands,2026-02-11,2023-02-01,306.0,290.0,-16.0
PAYEMS_monthly_change_thousands,2026-02-11,2023-03-01,85.0,68.0,-17.0
PAYEMS_monthly_change_thousands,2026-02-11,2023-04-01,216.0,241.0,25.0
PAYEMS_monthly_change_thousands,2026-02-11,2023-05-01,227.0,280.0,53.0
PAYEMS_monthly_change_thousands,2026-02-11,2023-06-01,257.0,225.0,-32.0
PAYEMS_monthly_change_thousands,2026-02-11,2023-07-01,148.0,163.0,15.0
PAYEMS_monthly_change_thousands,2026-02-11,2023-08-01,157.0,218.0,61.0
PAYEMS_monthly_change_thousands,2026-02-11,2023-09-01,158.0,156.0,-2.0
PAYEMS_monthly_change_thousands,2026-02-11,2023-10-01,186.0,159.0,-27.0
PAYEMS_monthly_change_thousands,2026-02-11,2023-11-01,141.0,127.0,-14.0
PAYEMS_monthly_change_thousands,2026-02-11,2023-12-01,269.0,154.0,-115.0
PAYEMS_monthly_change_thousands,2026-02-11,2024-01-01,119.0,175.0,56.0
PAYEMS_monthly_change_thousands,2026-02-11,2024-02-01,222.0,206.0,-16.0
PAYEMS_monthly_change_thousands,2026-02-11,2024-03-01,246.0,228.0,-18.0
PAYEMS_monthly_change_thousands,2026-02-11,2024-04-01,118.0,64.0,-54.0
PAYEMS_monthly_change_thousands,2026-02-11,2024-05-01,193.0,78.0,-115.0
PAYEMS_monthly_change_thousands,2026-02-11,2024-07-01,88.0,53.0,-35.0
PAYEMS_monthly_change_thousands,2026-02-11,2024-08-01,71.0,9.0,-62.0
PAYEMS_monthly_change_thousands,2026-02-11,2024-09-01,240.0,155.0,-85.0
PAYEMS_monthly_change_thousands,2026-02-11,2024-10-01,44.0,33.0,-11.0
PAYEMS_monthly_change_thousands,2026-02-11,2024-11-01,261.0,134.0,-127.0
PAYEMS_monthly_change_thousands,2026-02-11,2024-12-01,323.0,237.0,-86.0
PAYEMS_monthly_change_thousands,2026-02-11,2025-01-01,111.0,-48.0,-159.0
PAYEMS_monthly_change_thousands,2026-02-11,2025-02-01,102.0,42.0,-60.0
PAYEMS_monthly_change_thousands,2026-02-11,2025-03-01,120.0,67.0,-53.0
PAYEMS_monthly_change_thousands,2026-02-11,2025-04-01,158.0,108.0,-50.0
PAYEMS_monthly_change_thousands,2026-02-11,2025-05-01,19.0,13.0,-6.0
PAYEMS_monthly_change_thousands,2026-02-11,2025-06-01,-13.0,-20.0,-7.0
PAYEMS_monthly_change_thousands,2026-02-11,2025-07-01,72.0,64.0,-8.0
PAYEMS_monthly_change_thousands,2026-02-11,2025-08-01,-26.0,-70.0,-44.0
PAYEMS_monthly_change_thousands,2026-02-11,2025-09-01,108.0,76.0,-32.0
PAYEMS_monthly_change_thousands,2026-02-11,2025-10-01,-173.0,-140.0,33.0
PAYEMS_monthly_change_thousands,2026-02-11,2025-11-01,56.0,41.0,-15.0
PAYEMS_monthly_change_thousands,2026-02-11,2025-12-01,50.0,48.0,-2.0
PAYEMS_monthly_change_thousands,2026-03-06,2025-12-01,48.0,-17.0,-65.0
PAYEMS_monthly_change_thousands,2026-03-06,2026-01-01,130.0,126.0,-4.0
PAYEMS_monthly_change_thousands,2026-04-03,2026-01-01,126.0,160.0,34.0
PAYEMS_monthly_change_thousands,2026-04-03,2026-02-01,-92.0,-133.0,-41.0
PAYEMS_monthly_change_thousands,2026-05-08,2026-02-01,-133.0,-156.0,-23.0
PAYEMS_monthly_change_thousands,2026-05-08,2026-03-01,178.0,185.0,7.0
PAYEMS_monthly_change_thousands,2026-06-05,2026-03-01,185.0,214.0,29.0
PAYEMS_monthly_change_thousands,2026-06-05,2026-04-01,115.0,179.0,64.0
PAYEMS_monthly_change_thousands,2026-07-02,2026-04-01,179.0,148.0,-31.0
PAYEMS_monthly_change_thousands,2026-07-02,2026-05-01,172.0,129.0,-43.0
